"DESCRIPTION","DURATION IN MS","NAME","PARENT SUITE","START TIME","STATUS","STOP TIME","SUB SUITE","SUITE","TEST CLASS","TEST METHOD"
"","30084","QR type - chromium","tests.tests_default_flow","Fri Dec 06 18:08:28 GMT 2024","broken","Fri Dec 06 18:08:58 GMT 2024","TestDefaultSignUpFlow","test_default_sign_up_pdf_download_welcome_modal","",""
"","30103","QR type - chromium","tests.tests_default_flow","Fri Dec 06 18:09:33 GMT 2024","broken","Fri Dec 06 18:10:03 GMT 2024","TestDefaultSignUpFlow","test_default_sign_up_eps_download_welcome_modal","",""
"","50911","QR type - chromium","tests.tests_nsf_flow","Fri Dec 06 18:12:56 GMT 2024","broken","Fri Dec 06 18:13:46 GMT 2024","TestNSFSignUpFlow","test_nsf_sign_up_svg_download_welcome_modal","",""
"","51667","QR type - chromium","tests.tests_dpf_flow.dpf_link_dpf_flow","Fri Dec 06 18:08:23 GMT 2024","broken","Fri Dec 06 18:09:15 GMT 2024","TestDPFSignUpFlow","test_dpf_sign_up_eps_download_from_welcome_modal","",""
"","39525","QR type - chromium","tests.tests_dpf_flow.dpf_link_cff_flow","Fri Dec 06 18:10:33 GMT 2024","broken","Fri Dec 06 18:11:13 GMT 2024","TestCFFSignUpFlow","test_cff_sign_up_svg_download_from_welcome_modal","",""
"","69708","QR type - chromium","tests.tests_default_flow","Fri Dec 06 18:07:48 GMT 2024","broken","Fri Dec 06 18:08:58 GMT 2024","TestDefaultSignUpFlow","test_default_sign_up_download_all_variables_default_modal","",""
"","35630","QR type - chromium","tests.tests_dpf_flow.dpf_link_dpf_flow","Fri Dec 06 18:07:39 GMT 2024","broken","Fri Dec 06 18:08:15 GMT 2024","TestDPFSignUpFlow","test_dpf_sign_up_jpeg_download_from_welcome_modal","",""
"","34011","QR type - chromium","tests.tests_dpf_flow.dpf_link_dpf_flow","Fri Dec 06 18:11:06 GMT 2024","broken","Fri Dec 06 18:11:40 GMT 2024","TestDPFSignUpFlow","test_dpf_sign_up_jpeg_download_from_welcome_modal","",""
"","30162","QR type - chromium","tests.tests_default_flow","Fri Dec 06 18:10:31 GMT 2024","broken","Fri Dec 06 18:11:02 GMT 2024","TestDefaultSignUpFlow","test_default_sign_up_eps_download_welcome_modal","",""
"","34616","QR type - chromium","tests.tests_dpf_flow.dpf_link_cff_flow","Fri Dec 06 18:07:31 GMT 2024","broken","Fri Dec 06 18:08:05 GMT 2024","TestCFFSignUpFlow","test_cff_sign_up_eps_download_from_welcome_modal","",""
"","38058","QR type - chromium","tests.tests_dpf_flow.dpf_link_dpf_flow","Fri Dec 06 18:07:24 GMT 2024","broken","Fri Dec 06 18:08:02 GMT 2024","TestDPFSignUpFlow","test_dpf_sign_up_pdf_download_from_welcome_modal","",""
"","79984","QR type - chromium","tests.tests_default_flow","Fri Dec 06 18:08:38 GMT 2024","broken","Fri Dec 06 18:09:58 GMT 2024","TestDefaultSignUpFlow","test_default_sign_up_jpeg_download_welcome_modal","",""
"","57687","QR type - chromium","tests.tests_default_flow","Fri Dec 06 18:07:48 GMT 2024","broken","Fri Dec 06 18:08:46 GMT 2024","TestDefaultSignUpFlow","test_default_sign_up_jpeg_download_welcome_modal","",""
"","37081","QR type - chromium","tests.tests_dpf_flow.dpf_link_dpf_flow","Fri Dec 06 18:09:15 GMT 2024","broken","Fri Dec 06 18:09:52 GMT 2024","TestDPFSignUpFlow","test_dpf_sign_up_jpeg_download_from_welcome_modal","",""
"","39105","QR type - chromium","tests.tests_dpf_flow.dpf_link_dpf_flow","Fri Dec 06 18:10:05 GMT 2024","broken","Fri Dec 06 18:10:44 GMT 2024","TestDPFSignUpFlow","test_dpf_sign_up_png_download_from_welcome_modal","",""
"","53945","QR type - chromium","tests.tests_dpf_flow.dpf_link_dpf_flow","Fri Dec 06 18:11:21 GMT 2024","broken","Fri Dec 06 18:12:15 GMT 2024","TestDPFSignUpFlow","test_dpf_sign_up_jpeg_download_from_welcome_modal","",""
"","38323","Admin full refund options - chromium","tests.tests_generation_unic_admin_links","Fri Dec 06 18:13:03 GMT 2024","broken","Fri Dec 06 18:13:42 GMT 2024","TestAdminLinkGeneration","test_admin_link_generation","",""
"","54686","QR type - chromium","tests.tests_dpf_flow.dpf_link_dpf_flow","Fri Dec 06 18:11:23 GMT 2024","broken","Fri Dec 06 18:12:18 GMT 2024","TestDPFSignUpFlow","test_dpf_sign_up_eps_download_from_welcome_modal","",""
"","49547","QR type - chromium","tests.tests_dpf_flow.dpf_link_dpf_flow","Fri Dec 06 18:11:07 GMT 2024","broken","Fri Dec 06 18:11:56 GMT 2024","TestDPFSignUpFlow","test_dpf_sign_up_png_download_from_welcome_modal","",""
"","55516","QR type - chromium","tests.tests_dpf_flow.dpf_link_cff_flow","Fri Dec 06 18:10:07 GMT 2024","broken","Fri Dec 06 18:11:03 GMT 2024","TestCFFSignUpFlow","test_cff_sign_up_jpeg_download_from_welcome_modal","",""
"","39356","QR type - chromium","tests.tests_nsf_flow","Fri Dec 06 18:10:55 GMT 2024","broken","Fri Dec 06 18:11:34 GMT 2024","TestNSFSignUpFlow","test_nsf_sign_up_pdf_download_welcome_modal","",""
"","76152","QR type - chromium","tests.tests_default_flow","Fri Dec 06 18:08:30 GMT 2024","broken","Fri Dec 06 18:09:46 GMT 2024","TestDefaultSignUpFlow","test_default_sign_up_pdf_download_welcome_modal","",""
"","54752","QR type - chromium","tests.tests_default_flow","Fri Dec 06 18:07:50 GMT 2024","broken","Fri Dec 06 18:08:45 GMT 2024","TestDefaultSignUpFlow","test_default_sign_up_png_download_welcome_modal","",""
"","51111","QR type - chromium","tests.tests_nsf_flow","Fri Dec 06 18:12:51 GMT 2024","broken","Fri Dec 06 18:13:42 GMT 2024","TestNSFSignUpFlow","test_nsf_sign_up_png_download_welcome_modal","",""
"","61905","QR type - chromium","tests.tests_default_flow","Fri Dec 06 18:07:47 GMT 2024","broken","Fri Dec 06 18:08:49 GMT 2024","TestDefaultSignUpFlow","test_default_sign_up_jpeg_download_welcome_modal","",""
"","69854","QR type - chromium","tests.tests_dpf_flow.dpf_link_cff_flow","Fri Dec 06 18:10:22 GMT 2024","broken","Fri Dec 06 18:11:32 GMT 2024","TestCFFSignUpFlow","test_cff_sign_up_svg_download_from_welcome_modal","",""
"","35205","QR type - chromium","tests.tests_dpf_flow.dpf_link_dpf_flow","Fri Dec 06 18:07:39 GMT 2024","broken","Fri Dec 06 18:08:15 GMT 2024","TestDPFSignUpFlow","test_dpf_sign_up_eps_download_from_welcome_modal","",""
"","30166","QR type - chromium","tests.tests_default_flow","Fri Dec 06 18:07:40 GMT 2024","broken","Fri Dec 06 18:08:10 GMT 2024","TestDefaultSignUpFlow","test_default_sign_up_jpeg_download_welcome_modal","",""
"","81005","QR type - chromium","tests.tests_default_flow","Fri Dec 06 18:10:55 GMT 2024","broken","Fri Dec 06 18:12:16 GMT 2024","TestDefaultSignUpFlow","test_default_sign_up_eps_download_welcome_modal","",""
"","35425","QR type - chromium","tests.tests_dpf_flow.dpf_link_dpf_flow","Fri Dec 06 18:08:28 GMT 2024","broken","Fri Dec 06 18:09:03 GMT 2024","TestDPFSignUpFlow","test_dpf_sign_up_pdf_download_from_welcome_modal","",""
"","34992","QR type - chromium","tests.tests_dpf_flow.dpf_link_dpf_flow","Fri Dec 06 18:07:39 GMT 2024","broken","Fri Dec 06 18:08:14 GMT 2024","TestDPFSignUpFlow","test_dpf_sign_up_svg_download_from_welcome_modal","",""
"","68568","QR type - chromium","tests.tests_default_flow","Fri Dec 06 18:08:26 GMT 2024","broken","Fri Dec 06 18:09:35 GMT 2024","TestDefaultSignUpFlow","test_default_sign_up_png_download_welcome_modal","",""
"","30102","QR type - chromium","tests.tests_default_flow","Fri Dec 06 18:10:40 GMT 2024","broken","Fri Dec 06 18:11:10 GMT 2024","TestDefaultSignUpFlow","test_default_sign_up_download_all_variables_default_modal","",""
"","30194","QR type - chromium","tests.tests_default_flow","Fri Dec 06 18:07:21 GMT 2024","broken","Fri Dec 06 18:07:51 GMT 2024","TestDefaultSignUpFlow","test_default_sign_up_svg_download_welcome_modal","",""
"","37444","QR type - chromium","tests.tests_dpf_flow.dpf_link_cff_flow","Fri Dec 06 18:10:33 GMT 2024","broken","Fri Dec 06 18:11:10 GMT 2024","TestCFFSignUpFlow","test_cff_sign_up_png_download_from_welcome_modal","",""
"","37939","QR type - chromium","tests.tests_dpf_flow.dpf_link_dpf_flow","Fri Dec 06 18:07:57 GMT 2024","broken","Fri Dec 06 18:08:34 GMT 2024","TestDPFSignUpFlow","test_dpf_sign_up_jpeg_download_from_welcome_modal","",""
"","33914","QR type - chromium","tests.tests_nsf_flow","Fri Dec 06 18:11:53 GMT 2024","broken","Fri Dec 06 18:12:27 GMT 2024","TestNSFSignUpFlow","test_nsf_sign_up_pdf_download_welcome_modal","",""
"","34413","QR type - chromium","tests.tests_dpf_flow.dpf_link_dpf_flow","Fri Dec 06 18:10:38 GMT 2024","broken","Fri Dec 06 18:11:13 GMT 2024","TestDPFSignUpFlow","test_dpf_sign_up_svg_download_from_welcome_modal","",""
"","35372","QR type - chromium","tests.tests_nsf_flow","Fri Dec 06 18:07:40 GMT 2024","broken","Fri Dec 06 18:08:15 GMT 2024","TestNSFSignUpFlow","test_nsf_sign_up_jpeg_download_welcome_modal","",""
"","30112","QR type - chromium","tests.tests_default_flow","Fri Dec 06 18:10:35 GMT 2024","broken","Fri Dec 06 18:11:05 GMT 2024","TestDefaultSignUpFlow","test_default_sign_up_png_download_welcome_modal","",""
"","32623","QR type - chromium","tests.tests_nsf_flow","Fri Dec 06 18:12:52 GMT 2024","broken","Fri Dec 06 18:13:24 GMT 2024","TestNSFSignUpFlow","test_nsf_sign_up_png_download_welcome_modal","",""
"","38374","QR type - chromium","tests.tests_dpf_flow.dpf_link_cff_flow","Fri Dec 06 18:07:19 GMT 2024","broken","Fri Dec 06 18:07:57 GMT 2024","TestCFFSignUpFlow","test_cff_sign_up_png_download_from_welcome_modal","",""
"","30097","QR type - chromium","tests.tests_default_flow","Fri Dec 06 18:09:28 GMT 2024","broken","Fri Dec 06 18:09:58 GMT 2024","TestDefaultSignUpFlow","test_default_sign_up_svg_download_welcome_modal","",""
"","33829","QR type - chromium","tests.tests_nsf_flow","Fri Dec 06 18:12:13 GMT 2024","broken","Fri Dec 06 18:12:47 GMT 2024","TestNSFSignUpFlow","test_nsf_sign_up_png_download_welcome_modal","",""
"","49235","QR type - chromium","tests.tests_dpf_flow.dpf_link_dpf_flow","Fri Dec 06 18:09:05 GMT 2024","broken","Fri Dec 06 18:09:54 GMT 2024","TestDPFSignUpFlow","test_dpf_sign_up_eps_download_from_welcome_modal","",""
"","30127","QR type - chromium","tests.tests_default_flow","Fri Dec 06 18:10:08 GMT 2024","broken","Fri Dec 06 18:10:38 GMT 2024","TestDefaultSignUpFlow","test_default_sign_up_pdf_download_welcome_modal","",""
"","45268","QR type - chromium","tests.tests_nsf_flow","Fri Dec 06 18:07:28 GMT 2024","broken","Fri Dec 06 18:08:14 GMT 2024","TestNSFSignUpFlow","test_nsf_sign_up_eps_download_welcome_modal","",""
"","52760","QR type - chromium","tests.tests_dpf_flow.dpf_link_dpf_flow","Fri Dec 06 18:11:43 GMT 2024","broken","Fri Dec 06 18:12:36 GMT 2024","TestDPFSignUpFlow","test_dpf_sign_up_eps_download_from_welcome_modal","",""
"","0","Comparative mobile preview and web view - chromium","tests.tests_frame_comperatives","Fri Dec 06 18:07:06 GMT 2024","skipped","Fri Dec 06 18:07:06 GMT 2024","TestFrameComparatives","test_frame_comperatives","",""
"","56022","QR type - chromium","tests.tests_dpf_flow.dpf_link_dpf_flow","Fri Dec 06 18:08:28 GMT 2024","broken","Fri Dec 06 18:09:24 GMT 2024","TestDPFSignUpFlow","test_dpf_sign_up_png_download_from_welcome_modal","",""
"","36927","QR type - chromium","tests.tests_dpf_flow.dpf_link_cff_flow","Fri Dec 06 18:10:57 GMT 2024","broken","Fri Dec 06 18:11:34 GMT 2024","TestCFFSignUpFlow","test_cff_sign_up_pdf_download_from_welcome_modal","",""
"","0","Comparative mobile preview and web view - chromium","tests.tests_frame_comperatives","Fri Dec 06 18:07:06 GMT 2024","skipped","Fri Dec 06 18:07:06 GMT 2024","TestFrameComparatives","test_frame_comperatives","",""
"","54329","QR type - chromium","tests.tests_dpf_flow.dpf_link_cff_flow","Fri Dec 06 18:11:43 GMT 2024","broken","Fri Dec 06 18:12:37 GMT 2024","TestCFFSignUpFlow","test_cff_sign_up_svg_download_from_welcome_modal","",""
"","60096","QR type - chromium","tests.tests_dpf_flow.dpf_link_dpf_flow","Fri Dec 06 18:10:05 GMT 2024","broken","Fri Dec 06 18:11:05 GMT 2024","TestDPFSignUpFlow","test_dpf_sign_up_pdf_download_from_welcome_modal","",""
"","93703","QR type - chromium","tests.tests_default_flow","Fri Dec 06 18:07:51 GMT 2024","broken","Fri Dec 06 18:09:24 GMT 2024","TestDefaultSignUpFlow","test_default_sign_up_eps_download_welcome_modal","",""
"","82297","QR type - chromium","tests.tests_dpf_flow.dpf_link_cff_flow","Fri Dec 06 18:07:28 GMT 2024","broken","Fri Dec 06 18:08:50 GMT 2024","TestCFFSignUpFlow","test_cff_sign_up_svg_download_from_welcome_modal","",""
"","52473","QR type - chromium","tests.tests_dpf_flow.dpf_link_dpf_flow","Fri Dec 06 18:11:42 GMT 2024","broken","Fri Dec 06 18:12:35 GMT 2024","TestDPFSignUpFlow","test_dpf_sign_up_pdf_download_from_welcome_modal","",""
"","0","Comparative mobile preview and web view - chromium","tests.tests_frame_comperatives","Fri Dec 06 18:07:06 GMT 2024","skipped","Fri Dec 06 18:07:06 GMT 2024","TestFrameComparatives","test_frame_comperatives","",""
"","0","QR type - chromium","tests.tests_dpf_flow.dpf_link_cff_flow","Fri Dec 06 18:07:07 GMT 2024","broken","Fri Dec 06 18:07:07 GMT 2024","TestCFFSignUpFlow","test_cff_sign_up_pdf_download_from_welcome_modal","",""
"","30096","QR type - chromium","tests.tests_default_flow","Fri Dec 06 18:08:21 GMT 2024","broken","Fri Dec 06 18:08:51 GMT 2024","TestDefaultSignUpFlow","test_default_sign_up_eps_download_welcome_modal","",""
"","35902","QR type - chromium","tests.tests_nsf_flow","Fri Dec 06 18:09:28 GMT 2024","broken","Fri Dec 06 18:10:03 GMT 2024","TestNSFSignUpFlow","test_nsf_sign_up_jpeg_download_welcome_modal","",""
"","42416","QR type - chromium","tests.tests_nsf_flow","Fri Dec 06 18:10:44 GMT 2024","broken","Fri Dec 06 18:11:27 GMT 2024","TestNSFSignUpFlow","test_nsf_sign_up_eps_download_welcome_modal","",""
"","34350","QR type - chromium","tests.tests_dpf_flow.dpf_link_cff_flow","Fri Dec 06 18:09:36 GMT 2024","broken","Fri Dec 06 18:10:10 GMT 2024","TestCFFSignUpFlow","test_cff_sign_up_png_download_from_welcome_modal","",""
"","36248","QR type - chromium","tests.tests_dpf_flow.dpf_link_cff_flow","Fri Dec 06 18:07:30 GMT 2024","broken","Fri Dec 06 18:08:06 GMT 2024","TestCFFSignUpFlow","test_cff_sign_up_svg_download_from_welcome_modal","",""
"","66477","QR type - chromium","tests.tests_dpf_flow.dpf_link_dpf_flow","Fri Dec 06 18:09:03 GMT 2024","broken","Fri Dec 06 18:10:09 GMT 2024","TestDPFSignUpFlow","test_dpf_sign_up_jpeg_download_from_welcome_modal","",""
"","30082","QR type - chromium","tests.tests_default_flow","Fri Dec 06 18:09:32 GMT 2024","broken","Fri Dec 06 18:10:02 GMT 2024","TestDefaultSignUpFlow","test_default_sign_up_eps_download_welcome_modal","",""
"","70226","QR type - chromium","tests.tests_default_flow","Fri Dec 06 18:11:10 GMT 2024","broken","Fri Dec 06 18:12:20 GMT 2024","TestDefaultSignUpFlow","test_default_sign_up_pdf_download_welcome_modal","",""
"","34649","QR type - chromium","tests.tests_dpf_flow.dpf_link_cff_flow","Fri Dec 06 18:09:39 GMT 2024","broken","Fri Dec 06 18:10:13 GMT 2024","TestCFFSignUpFlow","test_cff_sign_up_svg_download_from_welcome_modal","",""
"","30140","QR type - chromium","tests.tests_default_flow","Fri Dec 06 18:08:56 GMT 2024","broken","Fri Dec 06 18:09:27 GMT 2024","TestDefaultSignUpFlow","test_default_sign_up_download_all_variables_default_modal","",""
"","74823","QR type - chromium","tests.tests_nsf_flow","Fri Dec 06 18:11:10 GMT 2024","broken","Fri Dec 06 18:12:25 GMT 2024","TestNSFSignUpFlow","test_nsf_sign_up_jpeg_download_welcome_modal","",""
"","47941","QR type - chromium","tests.tests_nsf_flow","Fri Dec 06 18:12:15 GMT 2024","broken","Fri Dec 06 18:13:03 GMT 2024","TestNSFSignUpFlow","test_nsf_sign_up_svg_download_welcome_modal","",""
"","54237","QR type - chromium","tests.tests_nsf_flow","Fri Dec 06 18:09:29 GMT 2024","broken","Fri Dec 06 18:10:23 GMT 2024","TestNSFSignUpFlow","test_nsf_sign_up_eps_download_welcome_modal","",""
"","76394","QR type - chromium","tests.tests_default_flow","Fri Dec 06 18:08:39 GMT 2024","broken","Fri Dec 06 18:09:55 GMT 2024","TestDefaultSignUpFlow","test_default_sign_up_pdf_download_welcome_modal","",""
"","0","QR type - chromium","tests.tests_nsf_flow","Fri Dec 06 18:07:10 GMT 2024","broken","Fri Dec 06 18:07:10 GMT 2024","TestNSFSignUpFlow","test_nsf_sign_up_jpeg_download_welcome_modal","",""
"","47011","QR type - chromium","tests.tests_nsf_flow","Fri Dec 06 18:14:43 GMT 2024","broken","Fri Dec 06 18:15:30 GMT 2024","TestNSFSignUpFlow","test_nsf_sign_up_svg_download_welcome_modal","",""
"","47358","QR type - chromium","tests.tests_dpf_flow.dpf_link_cff_flow","Fri Dec 06 18:08:27 GMT 2024","broken","Fri Dec 06 18:09:15 GMT 2024","TestCFFSignUpFlow","test_cff_sign_up_svg_download_from_welcome_modal","",""
"","54340","QR type - chromium","tests.tests_default_flow","Fri Dec 06 18:07:20 GMT 2024","broken","Fri Dec 06 18:08:15 GMT 2024","TestDefaultSignUpFlow","test_default_sign_up_pdf_download_welcome_modal","",""
"","34711","QR type - chromium","tests.tests_dpf_flow.dpf_link_dpf_flow","Fri Dec 06 18:07:31 GMT 2024","broken","Fri Dec 06 18:08:05 GMT 2024","TestDPFSignUpFlow","test_dpf_sign_up_svg_download_from_welcome_modal","",""
"","52918","QR type - chromium","tests.tests_default_flow","Fri Dec 06 18:07:40 GMT 2024","broken","Fri Dec 06 18:08:33 GMT 2024","TestDefaultSignUpFlow","test_default_sign_up_jpeg_download_welcome_modal","",""
"","35860","QR type - chromium","tests.tests_dpf_flow.dpf_link_dpf_flow","Fri Dec 06 18:10:59 GMT 2024","broken","Fri Dec 06 18:11:35 GMT 2024","TestDPFSignUpFlow","test_dpf_sign_up_png_download_from_welcome_modal","",""
"","34615","QR type - chromium","tests.tests_dpf_flow.dpf_link_dpf_flow","Fri Dec 06 18:08:35 GMT 2024","broken","Fri Dec 06 18:09:09 GMT 2024","TestDPFSignUpFlow","test_dpf_sign_up_eps_download_from_welcome_modal","",""
"","37056","QR type - chromium","tests.tests_dpf_flow.dpf_link_cff_flow","Fri Dec 06 18:07:28 GMT 2024","broken","Fri Dec 06 18:08:05 GMT 2024","TestCFFSignUpFlow","test_cff_sign_up_jpeg_download_from_welcome_modal","",""
"","37778","QR type - chromium","tests.tests_dpf_flow.dpf_link_dpf_flow","Fri Dec 06 18:08:28 GMT 2024","broken","Fri Dec 06 18:09:06 GMT 2024","TestDPFSignUpFlow","test_dpf_sign_up_eps_download_from_welcome_modal","",""
"","36948","QR type - chromium","tests.tests_dpf_flow.dpf_link_cff_flow","Fri Dec 06 18:08:09 GMT 2024","broken","Fri Dec 06 18:08:46 GMT 2024","TestCFFSignUpFlow","test_cff_sign_up_png_download_from_welcome_modal","",""
"","87559","QR type - chromium","tests.tests_nsf_flow","Fri Dec 06 18:07:29 GMT 2024","broken","Fri Dec 06 18:08:57 GMT 2024","TestNSFSignUpFlow","test_nsf_sign_up_eps_download_welcome_modal","",""
"","43350","Admin full refund options - chromium","tests.tests_generation_unic_admin_links","Fri Dec 06 18:12:15 GMT 2024","broken","Fri Dec 06 18:12:59 GMT 2024","TestAdminLinkGeneration","test_admin_link_generation","",""
"","41376","QR type - chromium","tests.tests_nsf_flow","Fri Dec 06 18:10:38 GMT 2024","broken","Fri Dec 06 18:11:19 GMT 2024","TestNSFSignUpFlow","test_nsf_sign_up_eps_download_welcome_modal","",""
"","47754","QR type - chromium","tests.tests_dpf_flow.dpf_link_cff_flow","Fri Dec 06 18:07:51 GMT 2024","broken","Fri Dec 06 18:08:38 GMT 2024","TestCFFSignUpFlow","test_cff_sign_up_eps_download_from_welcome_modal","",""
"","52795","QR type - chromium","tests.tests_dpf_flow.dpf_link_cff_flow","Fri Dec 06 18:11:21 GMT 2024","broken","Fri Dec 06 18:12:14 GMT 2024","TestCFFSignUpFlow","test_cff_sign_up_png_download_from_welcome_modal","",""
"","30087","QR type - chromium","tests.tests_default_flow","Fri Dec 06 18:09:44 GMT 2024","broken","Fri Dec 06 18:10:14 GMT 2024","TestDefaultSignUpFlow","test_default_sign_up_eps_download_welcome_modal","",""
"","30068","QR type - chromium","tests.tests_default_flow","Fri Dec 06 18:10:24 GMT 2024","broken","Fri Dec 06 18:10:54 GMT 2024","TestDefaultSignUpFlow","test_default_sign_up_png_download_welcome_modal","",""
"","36447","QR type - chromium","tests.tests_dpf_flow.dpf_link_cff_flow","Fri Dec 06 18:08:27 GMT 2024","broken","Fri Dec 06 18:09:03 GMT 2024","TestCFFSignUpFlow","test_cff_sign_up_jpeg_download_from_welcome_modal","",""
"","39508","QR type - chromium","tests.tests_dpf_flow.dpf_link_cff_flow","Fri Dec 06 18:10:52 GMT 2024","broken","Fri Dec 06 18:11:31 GMT 2024","TestCFFSignUpFlow","test_cff_sign_up_jpeg_download_from_welcome_modal","",""
"","34795","QR type - chromium","tests.tests_nsf_flow","Fri Dec 06 18:07:39 GMT 2024","broken","Fri Dec 06 18:08:14 GMT 2024","TestNSFSignUpFlow","test_nsf_sign_up_pdf_download_welcome_modal","",""
"","54602","QR type - chromium","tests.tests_default_flow","Fri Dec 06 18:07:16 GMT 2024","broken","Fri Dec 06 18:08:11 GMT 2024","TestDefaultSignUpFlow","test_default_sign_up_eps_download_welcome_modal","",""
"","37903","QR type - chromium","tests.tests_dpf_flow.dpf_link_cff_flow","Fri Dec 06 18:08:25 GMT 2024","broken","Fri Dec 06 18:09:02 GMT 2024","TestCFFSignUpFlow","test_cff_sign_up_svg_download_from_welcome_modal","",""
"","32698","QR type - chromium","tests.tests_nsf_flow","Fri Dec 06 18:11:25 GMT 2024","broken","Fri Dec 06 18:11:58 GMT 2024","TestNSFSignUpFlow","test_nsf_sign_up_eps_download_welcome_modal","",""
"","30081","QR type - chromium","tests.tests_default_flow","Fri Dec 06 18:10:23 GMT 2024","broken","Fri Dec 06 18:10:53 GMT 2024","TestDefaultSignUpFlow","test_default_sign_up_download_all_variables_default_modal","",""
"","30127","QR type - chromium","tests.tests_default_flow","Fri Dec 06 18:10:34 GMT 2024","broken","Fri Dec 06 18:11:04 GMT 2024","TestDefaultSignUpFlow","test_default_sign_up_download_all_variables_default_modal","",""
"","65334","QR type - chromium","tests.tests_dpf_flow.dpf_link_dpf_flow","Fri Dec 06 18:08:15 GMT 2024","broken","Fri Dec 06 18:09:20 GMT 2024","TestDPFSignUpFlow","test_dpf_sign_up_pdf_download_from_welcome_modal","",""
"","74312","QR type - chromium","tests.tests_dpf_flow.dpf_link_dpf_flow","Fri Dec 06 18:07:31 GMT 2024","broken","Fri Dec 06 18:08:46 GMT 2024","TestDPFSignUpFlow","test_dpf_sign_up_eps_download_from_welcome_modal","",""
"","35094","QR type - chromium","tests.tests_dpf_flow.dpf_link_dpf_flow","Fri Dec 06 18:07:39 GMT 2024","broken","Fri Dec 06 18:08:14 GMT 2024","TestDPFSignUpFlow","test_dpf_sign_up_svg_download_from_welcome_modal","",""
"","63579","QR type - chromium","tests.tests_dpf_flow.dpf_link_dpf_flow","Fri Dec 06 18:09:12 GMT 2024","broken","Fri Dec 06 18:10:16 GMT 2024","TestDPFSignUpFlow","test_dpf_sign_up_png_download_from_welcome_modal","",""
"","30134","QR type - chromium","tests.tests_default_flow","Fri Dec 06 18:09:29 GMT 2024","broken","Fri Dec 06 18:09:59 GMT 2024","TestDefaultSignUpFlow","test_default_sign_up_pdf_download_welcome_modal","",""
"","0","Comparative mobile preview and web view - chromium","tests.tests_frame_comperatives","Fri Dec 06 18:07:06 GMT 2024","skipped","Fri Dec 06 18:07:06 GMT 2024","TestFrameComparatives","test_frame_comperatives","",""
"","32867","QR type - chromium","tests.tests_nsf_flow","Fri Dec 06 18:15:00 GMT 2024","broken","Fri Dec 06 18:15:33 GMT 2024","TestNSFSignUpFlow","test_nsf_sign_up_svg_download_welcome_modal","",""
"","30144","QR type - chromium","tests.tests_default_flow","Fri Dec 06 18:09:48 GMT 2024","broken","Fri Dec 06 18:10:18 GMT 2024","TestDefaultSignUpFlow","test_default_sign_up_eps_download_welcome_modal","",""
"","61446","QR type - chromium","tests.tests_default_flow","Fri Dec 06 18:10:51 GMT 2024","broken","Fri Dec 06 18:11:53 GMT 2024","TestDefaultSignUpFlow","test_default_sign_up_pdf_download_welcome_modal","",""
"","30059","QR type - chromium","tests.tests_default_flow","Fri Dec 06 18:07:06 GMT 2024","broken","Fri Dec 06 18:07:36 GMT 2024","TestDefaultSignUpFlow","test_default_sign_up_jpeg_download_welcome_modal","",""
"","53772","QR type - chromium","tests.tests_nsf_flow","Fri Dec 06 18:09:35 GMT 2024","broken","Fri Dec 06 18:10:29 GMT 2024","TestNSFSignUpFlow","test_nsf_sign_up_pdf_download_welcome_modal","",""
"","35549","QR type - chromium","tests.tests_dpf_flow.dpf_link_dpf_flow","Fri Dec 06 18:10:35 GMT 2024","broken","Fri Dec 06 18:11:10 GMT 2024","TestDPFSignUpFlow","test_dpf_sign_up_eps_download_from_welcome_modal","",""
"","34705","QR type - chromium","tests.tests_dpf_flow.dpf_link_cff_flow","Fri Dec 06 18:07:31 GMT 2024","broken","Fri Dec 06 18:08:05 GMT 2024","TestCFFSignUpFlow","test_cff_sign_up_svg_download_from_welcome_modal","",""
"","60663","QR type - chromium","tests.tests_default_flow","Fri Dec 06 18:08:25 GMT 2024","broken","Fri Dec 06 18:09:26 GMT 2024","TestDefaultSignUpFlow","test_default_sign_up_download_all_variables_default_modal","",""
"","37026","QR type - chromium","tests.tests_dpf_flow.dpf_link_cff_flow","Fri Dec 06 18:07:52 GMT 2024","broken","Fri Dec 06 18:08:29 GMT 2024","TestCFFSignUpFlow","test_cff_sign_up_pdf_download_from_welcome_modal","",""
"","38650","QR type - chromium","tests.tests_dpf_flow.dpf_link_cff_flow","Fri Dec 06 18:08:14 GMT 2024","broken","Fri Dec 06 18:08:52 GMT 2024","TestCFFSignUpFlow","test_cff_sign_up_png_download_from_welcome_modal","",""
"","43046","QR type - chromium","tests.tests_nsf_flow","Fri Dec 06 18:14:54 GMT 2024","broken","Fri Dec 06 18:15:37 GMT 2024","TestNSFSignUpFlow","test_nsf_sign_up_png_download_welcome_modal","",""
"","33414","QR type - chromium","tests.tests_dpf_flow.dpf_link_cff_flow","Fri Dec 06 18:08:44 GMT 2024","broken","Fri Dec 06 18:09:17 GMT 2024","TestCFFSignUpFlow","test_cff_sign_up_pdf_download_from_welcome_modal","",""
"","30119","QR type - chromium","tests.tests_default_flow","Fri Dec 06 18:07:22 GMT 2024","broken","Fri Dec 06 18:07:52 GMT 2024","TestDefaultSignUpFlow","test_default_sign_up_pdf_download_welcome_modal","",""
"","33991","QR type - chromium","tests.tests_nsf_flow","Fri Dec 06 18:07:56 GMT 2024","broken","Fri Dec 06 18:08:30 GMT 2024","TestNSFSignUpFlow","test_nsf_sign_up_jpeg_download_welcome_modal","",""
"","32637","QR type - chromium","tests.tests_nsf_flow","Fri Dec 06 18:13:32 GMT 2024","broken","Fri Dec 06 18:14:05 GMT 2024","TestNSFSignUpFlow","test_nsf_sign_up_svg_download_welcome_modal","",""
"","30094","QR type - chromium","tests.tests_default_flow","Fri Dec 06 18:09:31 GMT 2024","broken","Fri Dec 06 18:10:01 GMT 2024","TestDefaultSignUpFlow","test_default_sign_up_svg_download_welcome_modal","",""
"","30069","QR type - chromium","tests.tests_default_flow","Fri Dec 06 18:08:14 GMT 2024","broken","Fri Dec 06 18:08:44 GMT 2024","TestDefaultSignUpFlow","test_default_sign_up_download_all_variables_default_modal","",""
"","51949","QR type - chromium","tests.tests_dpf_flow.dpf_link_dpf_flow","Fri Dec 06 18:11:24 GMT 2024","broken","Fri Dec 06 18:12:16 GMT 2024","TestDPFSignUpFlow","test_dpf_sign_up_png_download_from_welcome_modal","",""
"","39966","QR type - chromium","tests.tests_dpf_flow.dpf_link_dpf_flow","Fri Dec 06 18:09:11 GMT 2024","broken","Fri Dec 06 18:09:51 GMT 2024","TestDPFSignUpFlow","test_dpf_sign_up_pdf_download_from_welcome_modal","",""
"","30062","QR type - chromium","tests.tests_default_flow","Fri Dec 06 18:09:37 GMT 2024","broken","Fri Dec 06 18:10:07 GMT 2024","TestDefaultSignUpFlow","test_default_sign_up_png_download_welcome_modal","",""
"","36490","QR type - chromium","tests.tests_dpf_flow.dpf_link_cff_flow","Fri Dec 06 18:10:57 GMT 2024","broken","Fri Dec 06 18:11:34 GMT 2024","TestCFFSignUpFlow","test_cff_sign_up_svg_download_from_welcome_modal","",""
"","35381","QR type - chromium","tests.tests_dpf_flow.dpf_link_dpf_flow","Fri Dec 06 18:07:39 GMT 2024","broken","Fri Dec 06 18:08:15 GMT 2024","TestDPFSignUpFlow","test_dpf_sign_up_jpeg_download_from_welcome_modal","",""
"","32611","QR type - chromium","tests.tests_nsf_flow","Fri Dec 06 18:14:18 GMT 2024","broken","Fri Dec 06 18:14:51 GMT 2024","TestNSFSignUpFlow","test_nsf_sign_up_png_download_welcome_modal","",""
"","33302","QR type - chromium","tests.tests_nsf_flow","Fri Dec 06 18:12:04 GMT 2024","broken","Fri Dec 06 18:12:38 GMT 2024","TestNSFSignUpFlow","test_nsf_sign_up_jpeg_download_welcome_modal","",""
"","49254","QR type - chromium","tests.tests_nsf_flow","Fri Dec 06 18:08:40 GMT 2024","broken","Fri Dec 06 18:09:29 GMT 2024","TestNSFSignUpFlow","test_nsf_sign_up_jpeg_download_welcome_modal","",""
"","30126","QR type - chromium","tests.tests_default_flow","Fri Dec 06 18:10:17 GMT 2024","broken","Fri Dec 06 18:10:47 GMT 2024","TestDefaultSignUpFlow","test_default_sign_up_pdf_download_welcome_modal","",""
"","38502","QR type - chromium","tests.tests_nsf_flow","Fri Dec 06 18:10:21 GMT 2024","broken","Fri Dec 06 18:10:59 GMT 2024","TestNSFSignUpFlow","test_nsf_sign_up_jpeg_download_welcome_modal","",""
"","30089","QR type - chromium","tests.tests_default_flow","Fri Dec 06 18:08:52 GMT 2024","broken","Fri Dec 06 18:09:22 GMT 2024","TestDefaultSignUpFlow","test_default_sign_up_download_all_variables_default_modal","",""
"","63175","QR type - chromium","tests.tests_dpf_flow.dpf_link_cff_flow","Fri Dec 06 18:09:11 GMT 2024","broken","Fri Dec 06 18:10:15 GMT 2024","TestCFFSignUpFlow","test_cff_sign_up_png_download_from_welcome_modal","",""
"","48004","QR type - chromium","tests.tests_dpf_flow.dpf_link_cff_flow","Fri Dec 06 18:11:06 GMT 2024","broken","Fri Dec 06 18:11:54 GMT 2024","TestCFFSignUpFlow","test_cff_sign_up_pdf_download_from_welcome_modal","",""
"","41713","QR type - chromium","tests.tests_dpf_flow.dpf_link_cff_flow","Fri Dec 06 18:09:30 GMT 2024","broken","Fri Dec 06 18:10:11 GMT 2024","TestCFFSignUpFlow","test_cff_sign_up_pdf_download_from_welcome_modal","",""
"","53012","QR type - chromium","tests.tests_dpf_flow.dpf_link_cff_flow","Fri Dec 06 18:11:50 GMT 2024","broken","Fri Dec 06 18:12:43 GMT 2024","TestCFFSignUpFlow","test_cff_sign_up_eps_download_from_welcome_modal","",""
"","53713","QR type - chromium","tests.tests_dpf_flow.dpf_link_dpf_flow","Fri Dec 06 18:09:34 GMT 2024","broken","Fri Dec 06 18:10:27 GMT 2024","TestDPFSignUpFlow","test_dpf_sign_up_eps_download_from_welcome_modal","",""
"","30139","QR type - chromium","tests.tests_default_flow","Fri Dec 06 18:10:33 GMT 2024","broken","Fri Dec 06 18:11:04 GMT 2024","TestDefaultSignUpFlow","test_default_sign_up_pdf_download_welcome_modal","",""
"","30093","QR type - chromium","tests.tests_default_flow","Fri Dec 06 18:09:17 GMT 2024","broken","Fri Dec 06 18:09:47 GMT 2024","TestDefaultSignUpFlow","test_default_sign_up_download_all_variables_default_modal","",""
"","30310","QR type - chromium","tests.tests_default_flow","Fri Dec 06 18:07:20 GMT 2024","broken","Fri Dec 06 18:07:50 GMT 2024","TestDefaultSignUpFlow","test_default_sign_up_svg_download_welcome_modal","",""
"","86686","QR type - chromium","tests.tests_default_flow","Fri Dec 06 18:07:03 GMT 2024","broken","Fri Dec 06 18:08:30 GMT 2024","TestDefaultSignUpFlow","test_default_sign_up_png_download_welcome_modal","",""
"","55122","QR type - chromium","tests.tests_default_flow","Fri Dec 06 18:07:13 GMT 2024","broken","Fri Dec 06 18:08:08 GMT 2024","TestDefaultSignUpFlow","test_default_sign_up_download_all_variables_default_modal","",""
"","76065","QR type - chromium","tests.tests_default_flow","Fri Dec 06 18:08:38 GMT 2024","broken","Fri Dec 06 18:09:54 GMT 2024","TestDefaultSignUpFlow","test_default_sign_up_png_download_welcome_modal","",""
"","30102","QR type - chromium","tests.tests_default_flow","Fri Dec 06 18:08:43 GMT 2024","broken","Fri Dec 06 18:09:13 GMT 2024","TestDefaultSignUpFlow","test_default_sign_up_svg_download_welcome_modal","",""
"","30114","QR type - chromium","tests.tests_default_flow","Fri Dec 06 18:08:23 GMT 2024","broken","Fri Dec 06 18:08:53 GMT 2024","TestDefaultSignUpFlow","test_default_sign_up_jpeg_download_welcome_modal","",""
"","37280","QR type - chromium","tests.tests_nsf_flow","Fri Dec 06 18:07:28 GMT 2024","broken","Fri Dec 06 18:08:05 GMT 2024","TestNSFSignUpFlow","test_nsf_sign_up_eps_download_welcome_modal","",""
"","43911","QR type - chromium","tests.tests_dpf_flow.dpf_link_cff_flow","Fri Dec 06 18:07:29 GMT 2024","broken","Fri Dec 06 18:08:13 GMT 2024","TestCFFSignUpFlow","test_cff_sign_up_pdf_download_from_welcome_modal","",""
"","32507","QR type - chromium","tests.tests_nsf_flow","Fri Dec 06 18:14:08 GMT 2024","broken","Fri Dec 06 18:14:41 GMT 2024","TestNSFSignUpFlow","test_nsf_sign_up_svg_download_welcome_modal","",""
"","30241","QR type - chromium","tests.tests_default_flow","Fri Dec 06 18:07:06 GMT 2024","broken","Fri Dec 06 18:07:36 GMT 2024","TestDefaultSignUpFlow","test_default_sign_up_jpeg_download_welcome_modal","",""
"","77766","QR type - chromium","tests.tests_dpf_flow.dpf_link_cff_flow","Fri Dec 06 18:08:16 GMT 2024","broken","Fri Dec 06 18:09:34 GMT 2024","TestCFFSignUpFlow","test_cff_sign_up_jpeg_download_from_welcome_modal","",""
"","74985","QR type - chromium","tests.tests_dpf_flow.dpf_link_dpf_flow","Fri Dec 06 18:10:34 GMT 2024","broken","Fri Dec 06 18:11:49 GMT 2024","TestDPFSignUpFlow","test_dpf_sign_up_jpeg_download_from_welcome_modal","",""
"","67107","QR type - chromium","tests.tests_nsf_flow","Fri Dec 06 18:11:33 GMT 2024","broken","Fri Dec 06 18:12:40 GMT 2024","TestNSFSignUpFlow","test_nsf_sign_up_pdf_download_welcome_modal","",""
"","0","QR type - chromium","tests.tests_default_flow","Fri Dec 06 18:09:27 GMT 2024","broken","Fri Dec 06 18:09:27 GMT 2024","TestDefaultSignUpFlow","test_default_sign_up_download_all_variables_default_modal","",""
"","30172","QR type - chromium","tests.tests_default_flow","Fri Dec 06 18:08:50 GMT 2024","broken","Fri Dec 06 18:09:21 GMT 2024","TestDefaultSignUpFlow","test_default_sign_up_eps_download_welcome_modal","",""
"","32560","QR type - chromium","tests.tests_nsf_flow","Fri Dec 06 18:14:26 GMT 2024","broken","Fri Dec 06 18:14:58 GMT 2024","TestNSFSignUpFlow","test_nsf_sign_up_svg_download_welcome_modal","",""
"","54325","QR type - chromium","tests.tests_default_flow","Fri Dec 06 18:10:21 GMT 2024","broken","Fri Dec 06 18:11:16 GMT 2024","TestDefaultSignUpFlow","test_default_sign_up_png_download_welcome_modal","",""
"","51421","QR type - chromium","tests.tests_dpf_flow.dpf_link_cff_flow","Fri Dec 06 18:09:08 GMT 2024","broken","Fri Dec 06 18:09:59 GMT 2024","TestCFFSignUpFlow","test_cff_sign_up_eps_download_from_welcome_modal","",""
"","30099","QR type - chromium","tests.tests_default_flow","Fri Dec 06 18:09:42 GMT 2024","broken","Fri Dec 06 18:10:12 GMT 2024","TestDefaultSignUpFlow","test_default_sign_up_png_download_welcome_modal","",""
"","30212","QR type - chromium","tests.tests_default_flow","Fri Dec 06 18:09:36 GMT 2024","broken","Fri Dec 06 18:10:06 GMT 2024","TestDefaultSignUpFlow","test_default_sign_up_svg_download_welcome_modal","",""
"","86707","QR type - chromium","tests.tests_default_flow","Fri Dec 06 18:07:15 GMT 2024","broken","Fri Dec 06 18:08:42 GMT 2024","TestDefaultSignUpFlow","test_default_sign_up_eps_download_welcome_modal","",""
"","30195","QR type - chromium","tests.tests_default_flow","Fri Dec 06 18:07:59 GMT 2024","broken","Fri Dec 06 18:08:29 GMT 2024","TestDefaultSignUpFlow","test_default_sign_up_png_download_welcome_modal","",""
"","40023","Admin partial refund options - chromium","tests.tests_generation_unic_admin_links","Fri Dec 06 18:13:06 GMT 2024","broken","Fri Dec 06 18:13:46 GMT 2024","TestAdminLinkGeneration","test_admin_link_generation","",""
"","56531","QR type - chromium","tests.tests_dpf_flow.dpf_link_dpf_flow","Fri Dec 06 18:09:28 GMT 2024","broken","Fri Dec 06 18:10:25 GMT 2024","TestDPFSignUpFlow","test_dpf_sign_up_svg_download_from_welcome_modal","",""
"","37047","QR type - chromium","tests.tests_dpf_flow.dpf_link_cff_flow","Fri Dec 06 18:08:27 GMT 2024","broken","Fri Dec 06 18:09:04 GMT 2024","TestCFFSignUpFlow","test_cff_sign_up_eps_download_from_welcome_modal","",""
"","37936","QR type - chromium","tests.tests_dpf_flow.dpf_link_cff_flow","Fri Dec 06 18:08:25 GMT 2024","broken","Fri Dec 06 18:09:02 GMT 2024","TestCFFSignUpFlow","test_cff_sign_up_jpeg_download_from_welcome_modal","",""
"","32743","QR type - chromium","tests.tests_nsf_flow","Fri Dec 06 18:12:56 GMT 2024","broken","Fri Dec 06 18:13:29 GMT 2024","TestNSFSignUpFlow","test_nsf_sign_up_svg_download_welcome_modal","",""
"","36334","QR type - chromium","tests.tests_dpf_flow.dpf_link_cff_flow","Fri Dec 06 18:10:23 GMT 2024","broken","Fri Dec 06 18:10:59 GMT 2024","TestCFFSignUpFlow","test_cff_sign_up_eps_download_from_welcome_modal","",""
"","36992","QR type - chromium","tests.tests_dpf_flow.dpf_link_cff_flow","Fri Dec 06 18:10:33 GMT 2024","broken","Fri Dec 06 18:11:10 GMT 2024","TestCFFSignUpFlow","test_cff_sign_up_pdf_download_from_welcome_modal","",""
"","35174","QR type - chromium","tests.tests_dpf_flow.dpf_link_cff_flow","Fri Dec 06 18:09:27 GMT 2024","broken","Fri Dec 06 18:10:02 GMT 2024","TestCFFSignUpFlow","test_cff_sign_up_jpeg_download_from_welcome_modal","",""
"","0","QR type - chromium","tests.tests_default_flow","Fri Dec 06 18:10:11 GMT 2024","broken","Fri Dec 06 18:10:11 GMT 2024","TestDefaultSignUpFlow","test_default_sign_up_eps_download_welcome_modal","",""
"","30177","QR type - chromium","tests.tests_default_flow","Fri Dec 06 18:08:49 GMT 2024","broken","Fri Dec 06 18:09:19 GMT 2024","TestDefaultSignUpFlow","test_default_sign_up_svg_download_welcome_modal","",""
"","30086","QR type - chromium","tests.tests_default_flow","Fri Dec 06 18:10:11 GMT 2024","broken","Fri Dec 06 18:10:41 GMT 2024","TestDefaultSignUpFlow","test_default_sign_up_svg_download_welcome_modal","",""
"","30212","QR type - chromium","tests.tests_default_flow","Fri Dec 06 18:07:15 GMT 2024","broken","Fri Dec 06 18:07:46 GMT 2024","TestDefaultSignUpFlow","test_default_sign_up_eps_download_welcome_modal","",""
"","30067","QR type - chromium","tests.tests_default_flow","Fri Dec 06 18:10:31 GMT 2024","broken","Fri Dec 06 18:11:01 GMT 2024","TestDefaultSignUpFlow","test_default_sign_up_jpeg_download_welcome_modal","",""
"","59752","QR type - chromium","tests.tests_default_flow","Fri Dec 06 18:08:22 GMT 2024","broken","Fri Dec 06 18:09:22 GMT 2024","TestDefaultSignUpFlow","test_default_sign_up_eps_download_welcome_modal","",""
"","0","QR type - chromium","tests.tests_dpf_flow.dpf_link_cff_flow","Fri Dec 06 18:07:07 GMT 2024","broken","Fri Dec 06 18:07:07 GMT 2024","TestCFFSignUpFlow","test_cff_sign_up_pdf_download_from_welcome_modal","",""
"","0","Comparative mobile preview and web view - chromium","tests.tests_frame_comperatives","Fri Dec 06 18:07:06 GMT 2024","skipped","Fri Dec 06 18:07:06 GMT 2024","TestFrameComparatives","test_frame_comperatives","",""
"","30212","QR type - chromium","tests.tests_default_flow","Fri Dec 06 18:08:07 GMT 2024","broken","Fri Dec 06 18:08:37 GMT 2024","TestDefaultSignUpFlow","test_default_sign_up_svg_download_welcome_modal","",""
"","45703","QR type - chromium","tests.tests_dpf_flow.dpf_link_cff_flow","Fri Dec 06 18:09:10 GMT 2024","broken","Fri Dec 06 18:09:55 GMT 2024","TestCFFSignUpFlow","test_cff_sign_up_svg_download_from_welcome_modal","",""
"","49627","Admin create payment link - chromium","tests.tests_generation_unic_admin_links","Fri Dec 06 18:13:15 GMT 2024","broken","Fri Dec 06 18:14:04 GMT 2024","TestAdminLinkGeneration","test_admin_link_generation","",""
"","34618","QR type - chromium","tests.tests_nsf_flow","Fri Dec 06 18:09:30 GMT 2024","broken","Fri Dec 06 18:10:05 GMT 2024","TestNSFSignUpFlow","test_nsf_sign_up_pdf_download_welcome_modal","",""
"","30130","QR type - chromium","tests.tests_default_flow","Fri Dec 06 18:09:17 GMT 2024","broken","Fri Dec 06 18:09:47 GMT 2024","TestDefaultSignUpFlow","test_default_sign_up_pdf_download_welcome_modal","",""
"","0","Comparative mobile preview and web view - chromium","tests.tests_frame_comperatives","Fri Dec 06 18:07:06 GMT 2024","skipped","Fri Dec 06 18:07:06 GMT 2024","TestFrameComparatives","test_frame_comperatives","",""
"","0","QR type - chromium","tests.tests_dpf_flow.dpf_link_dpf_flow","Fri Dec 06 18:07:09 GMT 2024","broken","Fri Dec 06 18:07:09 GMT 2024","TestDPFSignUpFlow","test_dpf_sign_up_jpeg_download_from_welcome_modal","",""
"","53279","QR type - chromium","tests.tests_default_flow","Fri Dec 06 18:07:17 GMT 2024","broken","Fri Dec 06 18:08:10 GMT 2024","TestDefaultSignUpFlow","test_default_sign_up_download_all_variables_default_modal","",""
"","0","Comparative mobile preview and web view - chromium","tests.tests_frame_comperatives","Fri Dec 06 18:07:06 GMT 2024","skipped","Fri Dec 06 18:07:06 GMT 2024","TestFrameComparatives","test_frame_comperatives","",""
"","43402","QR type - chromium","tests.tests_default_flow","Fri Dec 06 18:07:03 GMT 2024","broken","Fri Dec 06 18:07:46 GMT 2024","TestDefaultSignUpFlow","test_default_sign_up_png_download_welcome_modal","",""
"","0","Comparative mobile preview and web view - chromium","tests.tests_frame_comperatives","Fri Dec 06 18:07:06 GMT 2024","skipped","Fri Dec 06 18:07:06 GMT 2024","TestFrameComparatives","test_frame_comperatives","",""
"","47518","QR type - chromium","tests.tests_dpf_flow.dpf_link_cff_flow","Fri Dec 06 18:09:31 GMT 2024","broken","Fri Dec 06 18:10:19 GMT 2024","TestCFFSignUpFlow","test_cff_sign_up_jpeg_download_from_welcome_modal","",""
"","48424","QR type - chromium","tests.tests_dpf_flow.dpf_link_cff_flow","Fri Dec 06 18:08:40 GMT 2024","broken","Fri Dec 06 18:09:29 GMT 2024","TestCFFSignUpFlow","test_cff_sign_up_jpeg_download_from_welcome_modal","",""
"","53926","QR type - chromium","tests.tests_dpf_flow.dpf_link_cff_flow","Fri Dec 06 18:11:20 GMT 2024","broken","Fri Dec 06 18:12:14 GMT 2024","TestCFFSignUpFlow","test_cff_sign_up_pdf_download_from_welcome_modal","",""
"","34960","QR type - chromium","tests.tests_dpf_flow.dpf_link_dpf_flow","Fri Dec 06 18:07:30 GMT 2024","broken","Fri Dec 06 18:08:05 GMT 2024","TestDPFSignUpFlow","test_dpf_sign_up_eps_download_from_welcome_modal","",""
"","45937","QR type - chromium","tests.tests_nsf_flow","Fri Dec 06 18:14:06 GMT 2024","broken","Fri Dec 06 18:14:52 GMT 2024","TestNSFSignUpFlow","test_nsf_sign_up_svg_download_welcome_modal","",""
"","56068","QR type - chromium","tests.tests_dpf_flow.dpf_link_cff_flow","Fri Dec 06 18:09:05 GMT 2024","broken","Fri Dec 06 18:10:01 GMT 2024","TestCFFSignUpFlow","test_cff_sign_up_png_download_from_welcome_modal","",""
"","0","Comparative mobile preview and web view - chromium","tests.tests_frame_comperatives","Fri Dec 06 18:07:06 GMT 2024","skipped","Fri Dec 06 18:07:06 GMT 2024","TestFrameComparatives","test_frame_comperatives","",""
"","34954","QR type - chromium","tests.tests_dpf_flow.dpf_link_cff_flow","Fri Dec 06 18:10:35 GMT 2024","broken","Fri Dec 06 18:11:10 GMT 2024","TestCFFSignUpFlow","test_cff_sign_up_png_download_from_welcome_modal","",""
"","0","Comparative mobile preview and web view - chromium","tests.tests_frame_comperatives","Fri Dec 06 18:07:06 GMT 2024","skipped","Fri Dec 06 18:07:06 GMT 2024","TestFrameComparatives","test_frame_comperatives","",""
"","34978","QR type - chromium","tests.tests_dpf_flow.dpf_link_dpf_flow","Fri Dec 06 18:09:35 GMT 2024","broken","Fri Dec 06 18:10:10 GMT 2024","TestDPFSignUpFlow","test_dpf_sign_up_eps_download_from_welcome_modal","",""
"","30096","QR type - chromium","tests.tests_default_flow","Fri Dec 06 18:10:17 GMT 2024","broken","Fri Dec 06 18:10:47 GMT 2024","TestDefaultSignUpFlow","test_default_sign_up_eps_download_welcome_modal","",""
"","33500","QR type - chromium","tests.tests_nsf_flow","Fri Dec 06 18:12:18 GMT 2024","broken","Fri Dec 06 18:12:52 GMT 2024","TestNSFSignUpFlow","test_nsf_sign_up_svg_download_welcome_modal","",""
"","30098","QR type - chromium","tests.tests_default_flow","Fri Dec 06 18:08:03 GMT 2024","broken","Fri Dec 06 18:08:33 GMT 2024","TestDefaultSignUpFlow","test_default_sign_up_svg_download_welcome_modal","",""
"","36420","QR type - chromium","tests.tests_dpf_flow.dpf_link_dpf_flow","Fri Dec 06 18:10:57 GMT 2024","broken","Fri Dec 06 18:11:34 GMT 2024","TestDPFSignUpFlow","test_dpf_sign_up_pdf_download_from_welcome_modal","",""
"","43503","QR type - chromium","tests.tests_nsf_flow","Fri Dec 06 18:07:39 GMT 2024","broken","Fri Dec 06 18:08:23 GMT 2024","TestNSFSignUpFlow","test_nsf_sign_up_jpeg_download_welcome_modal","",""
"","83464","QR type - chromium","tests.tests_dpf_flow.dpf_link_dpf_flow","Fri Dec 06 18:09:35 GMT 2024","broken","Fri Dec 06 18:10:59 GMT 2024","TestDPFSignUpFlow","test_dpf_sign_up_eps_download_from_welcome_modal","",""
"","49434","QR type - chromium","tests.tests_dpf_flow.dpf_link_dpf_flow","Fri Dec 06 18:11:05 GMT 2024","broken","Fri Dec 06 18:11:55 GMT 2024","TestDPFSignUpFlow","test_dpf_sign_up_pdf_download_from_welcome_modal","",""
"","49082","QR type - chromium","tests.tests_dpf_flow.dpf_link_cff_flow","Fri Dec 06 18:09:38 GMT 2024","broken","Fri Dec 06 18:10:27 GMT 2024","TestCFFSignUpFlow","test_cff_sign_up_pdf_download_from_welcome_modal","",""
"","34403","QR type - chromium","tests.tests_nsf_flow","Fri Dec 06 18:08:37 GMT 2024","broken","Fri Dec 06 18:09:12 GMT 2024","TestNSFSignUpFlow","test_nsf_sign_up_pdf_download_welcome_modal","",""
"","0","QR type - chromium","tests.tests_dpf_flow.dpf_link_cff_flow","Fri Dec 06 18:07:07 GMT 2024","broken","Fri Dec 06 18:07:07 GMT 2024","TestCFFSignUpFlow","test_cff_sign_up_eps_download_from_welcome_modal","",""
"","40083","QR type - chromium","tests.tests_dpf_flow.dpf_link_cff_flow","Fri Dec 06 18:10:02 GMT 2024","broken","Fri Dec 06 18:10:42 GMT 2024","TestCFFSignUpFlow","test_cff_sign_up_pdf_download_from_welcome_modal","",""
"","32638","QR type - chromium","tests.tests_nsf_flow","Fri Dec 06 18:13:28 GMT 2024","broken","Fri Dec 06 18:14:01 GMT 2024","TestNSFSignUpFlow","test_nsf_sign_up_png_download_welcome_modal","",""
"","43225","QR type - chromium","tests.tests_dpf_flow.dpf_link_dpf_flow","Fri Dec 06 18:08:35 GMT 2024","broken","Fri Dec 06 18:09:18 GMT 2024","TestDPFSignUpFlow","test_dpf_sign_up_png_download_from_welcome_modal","",""
"","34302","QR type - chromium","tests.tests_dpf_flow.dpf_link_dpf_flow","Fri Dec 06 18:08:20 GMT 2024","broken","Fri Dec 06 18:08:54 GMT 2024","TestDPFSignUpFlow","test_dpf_sign_up_png_download_from_welcome_modal","",""
"","36153","QR type - chromium","tests.tests_nsf_flow","Fri Dec 06 18:10:59 GMT 2024","broken","Fri Dec 06 18:11:35 GMT 2024","TestNSFSignUpFlow","test_nsf_sign_up_eps_download_welcome_modal","",""
"","38385","QR type - chromium","tests.tests_nsf_flow","Fri Dec 06 18:09:35 GMT 2024","broken","Fri Dec 06 18:10:14 GMT 2024","TestNSFSignUpFlow","test_nsf_sign_up_eps_download_welcome_modal","",""
"","30187","QR type - chromium","tests.tests_default_flow","Fri Dec 06 18:10:32 GMT 2024","broken","Fri Dec 06 18:11:02 GMT 2024","TestDefaultSignUpFlow","test_default_sign_up_eps_download_welcome_modal","",""
"","34381","QR type - chromium","tests.tests_dpf_flow.dpf_link_cff_flow","Fri Dec 06 18:11:16 GMT 2024","broken","Fri Dec 06 18:11:51 GMT 2024","TestCFFSignUpFlow","test_cff_sign_up_eps_download_from_welcome_modal","",""
"","69956","QR type - chromium","tests.tests_dpf_flow.dpf_link_cff_flow","Fri Dec 06 18:10:30 GMT 2024","broken","Fri Dec 06 18:11:40 GMT 2024","TestCFFSignUpFlow","test_cff_sign_up_png_download_from_welcome_modal","",""
"","0","Comparative mobile preview and web view - chromium","tests.tests_frame_comperatives","Fri Dec 06 18:07:06 GMT 2024","skipped","Fri Dec 06 18:07:06 GMT 2024","TestFrameComparatives","test_frame_comperatives","",""
"","105031","QR type - chromium","tests.tests_nsf_flow","Fri Dec 06 18:08:43 GMT 2024","broken","Fri Dec 06 18:10:28 GMT 2024","TestNSFSignUpFlow","test_nsf_sign_up_jpeg_download_welcome_modal","",""
"","38862","QR type - chromium","tests.tests_dpf_flow.dpf_link_cff_flow","Fri Dec 06 18:08:24 GMT 2024","broken","Fri Dec 06 18:09:02 GMT 2024","TestCFFSignUpFlow","test_cff_sign_up_svg_download_from_welcome_modal","",""
"","30186","QR type - chromium","tests.tests_default_flow","Fri Dec 06 18:08:40 GMT 2024","broken","Fri Dec 06 18:09:11 GMT 2024","TestDefaultSignUpFlow","test_default_sign_up_pdf_download_welcome_modal","",""
"","30091","QR type - chromium","tests.tests_default_flow","Fri Dec 06 18:09:36 GMT 2024","broken","Fri Dec 06 18:10:06 GMT 2024","TestDefaultSignUpFlow","test_default_sign_up_download_all_variables_default_modal","",""
"","36524","QR type - chromium","tests.tests_dpf_flow.dpf_link_dpf_flow","Fri Dec 06 18:10:57 GMT 2024","broken","Fri Dec 06 18:11:34 GMT 2024","TestDPFSignUpFlow","test_dpf_sign_up_eps_download_from_welcome_modal","",""
"","58993","QR type - chromium","tests.tests_dpf_flow.dpf_link_cff_flow","Fri Dec 06 18:09:09 GMT 2024","broken","Fri Dec 06 18:10:08 GMT 2024","TestCFFSignUpFlow","test_cff_sign_up_pdf_download_from_welcome_modal","",""
"","46511","QR type - chromium","tests.tests_nsf_flow","Fri Dec 06 18:12:15 GMT 2024","broken","Fri Dec 06 18:13:02 GMT 2024","TestNSFSignUpFlow","test_nsf_sign_up_png_download_welcome_modal","",""
"","30119","QR type - chromium","tests.tests_default_flow","Fri Dec 06 18:09:55 GMT 2024","broken","Fri Dec 06 18:10:26 GMT 2024","TestDefaultSignUpFlow","test_default_sign_up_download_all_variables_default_modal","",""
"","37392","QR type - chromium","tests.tests_nsf_flow","Fri Dec 06 18:08:26 GMT 2024","broken","Fri Dec 06 18:09:04 GMT 2024","TestNSFSignUpFlow","test_nsf_sign_up_eps_download_welcome_modal","",""
"","40063","QR type - chromium","tests.tests_dpf_flow.dpf_link_dpf_flow","Fri Dec 06 18:10:09 GMT 2024","broken","Fri Dec 06 18:10:49 GMT 2024","TestDPFSignUpFlow","test_dpf_sign_up_pdf_download_from_welcome_modal","",""
"","51624","QR type - chromium","tests.tests_dpf_flow.dpf_link_cff_flow","Fri Dec 06 18:07:53 GMT 2024","broken","Fri Dec 06 18:08:45 GMT 2024","TestCFFSignUpFlow","test_cff_sign_up_pdf_download_from_welcome_modal","",""
"","67063","QR type - chromium","tests.tests_dpf_flow.dpf_link_cff_flow","Fri Dec 06 18:07:55 GMT 2024","broken","Fri Dec 06 18:09:02 GMT 2024","TestCFFSignUpFlow","test_cff_sign_up_pdf_download_from_welcome_modal","",""
"","44810","QR type - chromium","tests.tests_dpf_flow.dpf_link_dpf_flow","Fri Dec 06 18:07:39 GMT 2024","broken","Fri Dec 06 18:08:24 GMT 2024","TestDPFSignUpFlow","test_dpf_sign_up_svg_download_from_welcome_modal","",""
"","75174","QR type - chromium","tests.tests_dpf_flow.dpf_link_dpf_flow","Fri Dec 06 18:09:50 GMT 2024","broken","Fri Dec 06 18:11:05 GMT 2024","TestDPFSignUpFlow","test_dpf_sign_up_pdf_download_from_welcome_modal","",""
"","30098","QR type - chromium","tests.tests_dpf_flow.dpf_link_dpf_flow","Fri Dec 06 18:08:18 GMT 2024","broken","Fri Dec 06 18:08:48 GMT 2024","TestDPFSignUpFlow","test_dpf_sign_up_pdf_download_from_welcome_modal","",""
"","47345","QR type - chromium","tests.tests_nsf_flow","Fri Dec 06 18:12:12 GMT 2024","broken","Fri Dec 06 18:12:59 GMT 2024","TestNSFSignUpFlow","test_nsf_sign_up_eps_download_welcome_modal","",""
"","53987","QR type - chromium","tests.tests_default_flow","Fri Dec 06 18:07:16 GMT 2024","broken","Fri Dec 06 18:08:10 GMT 2024","TestDefaultSignUpFlow","test_default_sign_up_eps_download_welcome_modal","",""
"","30093","QR type - chromium","tests.tests_default_flow","Fri Dec 06 18:08:04 GMT 2024","broken","Fri Dec 06 18:08:35 GMT 2024","TestDefaultSignUpFlow","test_default_sign_up_pdf_download_welcome_modal","",""
"","72054","QR type - chromium","tests.tests_nsf_flow","Fri Dec 06 18:11:18 GMT 2024","broken","Fri Dec 06 18:12:30 GMT 2024","TestNSFSignUpFlow","test_nsf_sign_up_pdf_download_welcome_modal","",""
"","44762","QR type - chromium","tests.tests_nsf_flow","Fri Dec 06 18:10:03 GMT 2024","broken","Fri Dec 06 18:10:48 GMT 2024","TestNSFSignUpFlow","test_nsf_sign_up_jpeg_download_welcome_modal","",""
"","54265","QR type - chromium","tests.tests_nsf_flow","Fri Dec 06 18:13:52 GMT 2024","broken","Fri Dec 06 18:14:46 GMT 2024","TestNSFSignUpFlow","test_nsf_sign_up_svg_download_welcome_modal","",""
"","30067","QR type - chromium","tests.tests_default_flow","Fri Dec 06 18:08:39 GMT 2024","broken","Fri Dec 06 18:09:09 GMT 2024","TestDefaultSignUpFlow","test_default_sign_up_svg_download_welcome_modal","",""
"","43237","QR type - chromium","tests.tests_dpf_flow.dpf_link_cff_flow","Fri Dec 06 18:07:31 GMT 2024","broken","Fri Dec 06 18:08:14 GMT 2024","TestCFFSignUpFlow","test_cff_sign_up_jpeg_download_from_welcome_modal","",""
"","30142","QR type - chromium","tests.tests_dpf_flow.dpf_link_dpf_flow","Fri Dec 06 18:08:24 GMT 2024","broken","Fri Dec 06 18:08:54 GMT 2024","TestDPFSignUpFlow","test_dpf_sign_up_jpeg_download_from_welcome_modal","",""
"","75610","QR type - chromium","tests.tests_nsf_flow","Fri Dec 06 18:10:48 GMT 2024","broken","Fri Dec 06 18:12:03 GMT 2024","TestNSFSignUpFlow","test_nsf_sign_up_eps_download_welcome_modal","",""
"","38065","QR type - chromium","tests.tests_dpf_flow.dpf_link_dpf_flow","Fri Dec 06 18:09:58 GMT 2024","broken","Fri Dec 06 18:10:36 GMT 2024","TestDPFSignUpFlow","test_dpf_sign_up_svg_download_from_welcome_modal","",""
"","36315","QR type - chromium","tests.tests_nsf_flow","Fri Dec 06 18:08:27 GMT 2024","broken","Fri Dec 06 18:09:03 GMT 2024","TestNSFSignUpFlow","test_nsf_sign_up_jpeg_download_welcome_modal","",""
"","30079","QR type - chromium","tests.tests_default_flow","Fri Dec 06 18:09:37 GMT 2024","broken","Fri Dec 06 18:10:07 GMT 2024","TestDefaultSignUpFlow","test_default_sign_up_download_all_variables_default_modal","",""
"","60978","QR type - chromium","tests.tests_nsf_flow","Fri Dec 06 18:09:14 GMT 2024","broken","Fri Dec 06 18:10:15 GMT 2024","TestNSFSignUpFlow","test_nsf_sign_up_eps_download_welcome_modal","",""
"","54143","QR type - chromium","tests.tests_dpf_flow.dpf_link_cff_flow","Fri Dec 06 18:11:18 GMT 2024","broken","Fri Dec 06 18:12:12 GMT 2024","TestCFFSignUpFlow","test_cff_sign_up_jpeg_download_from_welcome_modal","",""
"","49727","QR type - chromium","tests.tests_nsf_flow","Fri Dec 06 18:13:10 GMT 2024","broken","Fri Dec 06 18:14:00 GMT 2024","TestNSFSignUpFlow","test_nsf_sign_up_svg_download_welcome_modal","",""
"","43437","QR type - chromium","tests.tests_dpf_flow.dpf_link_dpf_flow","Fri Dec 06 18:09:41 GMT 2024","broken","Fri Dec 06 18:10:24 GMT 2024","TestDPFSignUpFlow","test_dpf_sign_up_png_download_from_welcome_modal","",""
"","52034","QR type - chromium","tests.tests_dpf_flow.dpf_link_dpf_flow","Fri Dec 06 18:11:59 GMT 2024","broken","Fri Dec 06 18:12:51 GMT 2024","TestDPFSignUpFlow","test_dpf_sign_up_jpeg_download_from_welcome_modal","",""
"","37282","QR type - chromium","tests.tests_dpf_flow.dpf_link_cff_flow","Fri Dec 06 18:11:15 GMT 2024","broken","Fri Dec 06 18:11:52 GMT 2024","TestCFFSignUpFlow","test_cff_sign_up_eps_download_from_welcome_modal","",""
"","95495","QR type - chromium","tests.tests_default_flow","Fri Dec 06 18:07:12 GMT 2024","broken","Fri Dec 06 18:08:47 GMT 2024","TestDefaultSignUpFlow","test_default_sign_up_download_all_variables_default_modal","",""
"","30149","QR type - chromium","tests.tests_dpf_flow.dpf_link_cff_flow","Fri Dec 06 18:07:27 GMT 2024","broken","Fri Dec 06 18:07:57 GMT 2024","TestCFFSignUpFlow","test_cff_sign_up_jpeg_download_from_welcome_modal","",""
"","82064","QR type - chromium","tests.tests_dpf_flow.dpf_link_cff_flow","Fri Dec 06 18:07:28 GMT 2024","broken","Fri Dec 06 18:08:50 GMT 2024","TestCFFSignUpFlow","test_cff_sign_up_eps_download_from_welcome_modal","",""
"","47981","QR type - chromium","tests.tests_nsf_flow","Fri Dec 06 18:13:32 GMT 2024","broken","Fri Dec 06 18:14:20 GMT 2024","TestNSFSignUpFlow","test_nsf_sign_up_svg_download_welcome_modal","",""
"","95209","QR type - chromium","tests.tests_nsf_flow","Fri Dec 06 18:10:19 GMT 2024","broken","Fri Dec 06 18:11:54 GMT 2024","TestNSFSignUpFlow","test_nsf_sign_up_jpeg_download_welcome_modal","",""
"","32869","QR type - chromium","tests.tests_nsf_flow","Fri Dec 06 18:14:52 GMT 2024","broken","Fri Dec 06 18:15:25 GMT 2024","TestNSFSignUpFlow","test_nsf_sign_up_svg_download_welcome_modal","",""
"","34791","QR type - chromium","tests.tests_nsf_flow","Fri Dec 06 18:12:14 GMT 2024","broken","Fri Dec 06 18:12:49 GMT 2024","TestNSFSignUpFlow","test_nsf_sign_up_png_download_welcome_modal","",""
"","53283","QR type - chromium","tests.tests_dpf_flow.dpf_link_dpf_flow","Fri Dec 06 18:07:28 GMT 2024","broken","Fri Dec 06 18:08:21 GMT 2024","TestDPFSignUpFlow","test_dpf_sign_up_png_download_from_welcome_modal","",""
"","35382","QR type - chromium","tests.tests_dpf_flow.dpf_link_cff_flow","Fri Dec 06 18:07:30 GMT 2024","broken","Fri Dec 06 18:08:06 GMT 2024","TestCFFSignUpFlow","test_cff_sign_up_svg_download_from_welcome_modal","",""
"","70807","QR type - chromium","tests.tests_nsf_flow","Fri Dec 06 18:08:03 GMT 2024","failed","Fri Dec 06 18:09:13 GMT 2024","TestNSFSignUpFlow","test_nsf_sign_up_pdf_download_welcome_modal","",""
"","75593","QR type - chromium","tests.tests_dpf_flow.dpf_link_dpf_flow","Fri Dec 06 18:10:25 GMT 2024","broken","Fri Dec 06 18:11:40 GMT 2024","TestDPFSignUpFlow","test_dpf_sign_up_jpeg_download_from_welcome_modal","",""
"","0","Comparative mobile preview and web view - chromium","tests.tests_frame_comperatives","Fri Dec 06 18:07:06 GMT 2024","skipped","Fri Dec 06 18:07:06 GMT 2024","TestFrameComparatives","test_frame_comperatives","",""
"","66126","QR type - chromium","tests.tests_nsf_flow","Fri Dec 06 18:11:36 GMT 2024","broken","Fri Dec 06 18:12:42 GMT 2024","TestNSFSignUpFlow","test_nsf_sign_up_eps_download_welcome_modal","",""
"","37298","QR type - chromium","tests.tests_dpf_flow.dpf_link_dpf_flow","Fri Dec 06 18:10:45 GMT 2024","broken","Fri Dec 06 18:11:22 GMT 2024","TestDPFSignUpFlow","test_dpf_sign_up_png_download_from_welcome_modal","",""
"","46968","QR type - chromium","tests.tests_nsf_flow","Fri Dec 06 18:13:26 GMT 2024","broken","Fri Dec 06 18:14:13 GMT 2024","TestNSFSignUpFlow","test_nsf_sign_up_png_download_welcome_modal","",""
"","30221","QR type - chromium","tests.tests_default_flow","Fri Dec 06 18:08:51 GMT 2024","broken","Fri Dec 06 18:09:21 GMT 2024","TestDefaultSignUpFlow","test_default_sign_up_png_download_welcome_modal","",""
"","32971","QR type - chromium","tests.tests_dpf_flow.dpf_link_dpf_flow","Fri Dec 06 18:11:20 GMT 2024","broken","Fri Dec 06 18:11:53 GMT 2024","TestDPFSignUpFlow","test_dpf_sign_up_pdf_download_from_welcome_modal","",""
"","83620","QR type - chromium","tests.tests_dpf_flow.dpf_link_dpf_flow","Fri Dec 06 18:08:15 GMT 2024","broken","Fri Dec 06 18:09:39 GMT 2024","TestDPFSignUpFlow","test_dpf_sign_up_pdf_download_from_welcome_modal","",""
"","63891","QR type - chromium","tests.tests_default_flow","Fri Dec 06 18:07:20 GMT 2024","broken","Fri Dec 06 18:08:24 GMT 2024","TestDefaultSignUpFlow","test_default_sign_up_pdf_download_welcome_modal","",""
"","58477","QR type - chromium","tests.tests_dpf_flow.dpf_link_dpf_flow","Fri Dec 06 18:11:19 GMT 2024","broken","Fri Dec 06 18:12:18 GMT 2024","TestDPFSignUpFlow","test_dpf_sign_up_svg_download_from_welcome_modal","",""
"","0","QR type - chromium","tests.tests_dpf_flow.dpf_link_cff_flow","Fri Dec 06 18:07:07 GMT 2024","broken","Fri Dec 06 18:07:07 GMT 2024","TestCFFSignUpFlow","test_cff_sign_up_pdf_download_from_welcome_modal","",""
"","30250","QR type - chromium","tests.tests_default_flow","Fri Dec 06 18:10:57 GMT 2024","broken","Fri Dec 06 18:11:27 GMT 2024","TestDefaultSignUpFlow","test_default_sign_up_pdf_download_welcome_modal","",""
"","33787","QR type - chromium","tests.tests_dpf_flow.dpf_link_dpf_flow","Fri Dec 06 18:11:18 GMT 2024","broken","Fri Dec 06 18:11:51 GMT 2024","TestDPFSignUpFlow","test_dpf_sign_up_pdf_download_from_welcome_modal","",""
"","59032","QR type - chromium","tests.tests_dpf_flow.dpf_link_cff_flow","Fri Dec 06 18:09:07 GMT 2024","broken","Fri Dec 06 18:10:06 GMT 2024","TestCFFSignUpFlow","test_cff_sign_up_eps_download_from_welcome_modal","",""
"","65401","QR type - chromium","tests.tests_nsf_flow","Fri Dec 06 18:11:42 GMT 2024","broken","Fri Dec 06 18:12:47 GMT 2024","TestNSFSignUpFlow","test_nsf_sign_up_jpeg_download_welcome_modal","",""
"","42077","QR type - chromium","tests.tests_dpf_flow.dpf_link_cff_flow","Fri Dec 06 18:09:25 GMT 2024","broken","Fri Dec 06 18:10:07 GMT 2024","TestCFFSignUpFlow","test_cff_sign_up_eps_download_from_welcome_modal","",""
"","33154","QR type - chromium","tests.tests_nsf_flow","Fri Dec 06 18:12:19 GMT 2024","broken","Fri Dec 06 18:12:52 GMT 2024","TestNSFSignUpFlow","test_nsf_sign_up_svg_download_welcome_modal","",""
"","56677","QR type - chromium","tests.tests_default_flow","Fri Dec 06 18:07:20 GMT 2024","broken","Fri Dec 06 18:08:16 GMT 2024","TestDefaultSignUpFlow","test_default_sign_up_pdf_download_welcome_modal","",""
"","30155","QR type - chromium","tests.tests_default_flow","Fri Dec 06 18:09:47 GMT 2024","broken","Fri Dec 06 18:10:17 GMT 2024","TestDefaultSignUpFlow","test_default_sign_up_jpeg_download_welcome_modal","",""
"","73295","QR type - chromium","tests.tests_nsf_flow","Fri Dec 06 18:08:44 GMT 2024","broken","Fri Dec 06 18:09:57 GMT 2024","TestNSFSignUpFlow","test_nsf_sign_up_jpeg_download_welcome_modal","",""
"","75668","QR type - chromium","tests.tests_dpf_flow.dpf_link_dpf_flow","Fri Dec 06 18:08:45 GMT 2024","broken","Fri Dec 06 18:10:01 GMT 2024","TestDPFSignUpFlow","test_dpf_sign_up_svg_download_from_welcome_modal","",""
"","36770","QR type - chromium","tests.tests_dpf_flow.dpf_link_cff_flow","Fri Dec 06 18:08:26 GMT 2024","broken","Fri Dec 06 18:09:03 GMT 2024","TestCFFSignUpFlow","test_cff_sign_up_eps_download_from_welcome_modal","",""
"","78938","QR type - chromium","tests.tests_dpf_flow.dpf_link_dpf_flow","Fri Dec 06 18:08:44 GMT 2024","broken","Fri Dec 06 18:10:03 GMT 2024","TestDPFSignUpFlow","test_dpf_sign_up_jpeg_download_from_welcome_modal","",""
"","33885","QR type - chromium","tests.tests_dpf_flow.dpf_link_dpf_flow","Fri Dec 06 18:11:12 GMT 2024","broken","Fri Dec 06 18:11:46 GMT 2024","TestDPFSignUpFlow","test_dpf_sign_up_eps_download_from_welcome_modal","",""
"","43746","QR type - chromium","tests.tests_nsf_flow","Fri Dec 06 18:07:40 GMT 2024","broken","Fri Dec 06 18:08:24 GMT 2024","TestNSFSignUpFlow","test_nsf_sign_up_pdf_download_welcome_modal","",""
"","35017","QR type - chromium","tests.tests_dpf_flow.dpf_link_dpf_flow","Fri Dec 06 18:10:22 GMT 2024","broken","Fri Dec 06 18:10:57 GMT 2024","TestDPFSignUpFlow","test_dpf_sign_up_svg_download_from_welcome_modal","",""
"","53430","QR type - chromium","tests.tests_dpf_flow.dpf_link_dpf_flow","Fri Dec 06 18:09:05 GMT 2024","broken","Fri Dec 06 18:09:59 GMT 2024","TestDPFSignUpFlow","test_dpf_sign_up_jpeg_download_from_welcome_modal","",""
"","30099","QR type - chromium","tests.tests_default_flow","Fri Dec 06 18:10:33 GMT 2024","broken","Fri Dec 06 18:11:03 GMT 2024","TestDefaultSignUpFlow","test_default_sign_up_jpeg_download_welcome_modal","",""
"","30188","QR type - chromium","tests.tests_default_flow","Fri Dec 06 18:08:51 GMT 2024","broken","Fri Dec 06 18:09:21 GMT 2024","TestDefaultSignUpFlow","test_default_sign_up_png_download_welcome_modal","",""
"","38344","QR type - chromium","tests.tests_nsf_flow","Fri Dec 06 18:07:25 GMT 2024","broken","Fri Dec 06 18:08:03 GMT 2024","TestNSFSignUpFlow","test_nsf_sign_up_eps_download_welcome_modal","",""
"","37324","QR type - chromium","tests.tests_dpf_flow.dpf_link_dpf_flow","Fri Dec 06 18:07:26 GMT 2024","broken","Fri Dec 06 18:08:03 GMT 2024","TestDPFSignUpFlow","test_dpf_sign_up_png_download_from_welcome_modal","",""
"","41460","QR type - chromium","tests.tests_dpf_flow.dpf_link_cff_flow","Fri Dec 06 18:07:19 GMT 2024","broken","Fri Dec 06 18:08:01 GMT 2024","TestCFFSignUpFlow","test_cff_sign_up_png_download_from_welcome_modal","",""
"","34438","QR type - chromium","tests.tests_dpf_flow.dpf_link_cff_flow","Fri Dec 06 18:11:54 GMT 2024","broken","Fri Dec 06 18:12:29 GMT 2024","TestCFFSignUpFlow","test_cff_sign_up_png_download_from_welcome_modal","",""
"","30145","QR type - chromium","tests.tests_default_flow","Fri Dec 06 18:10:31 GMT 2024","broken","Fri Dec 06 18:11:01 GMT 2024","TestDefaultSignUpFlow","test_default_sign_up_png_download_welcome_modal","",""
"","30102","QR type - chromium","tests.tests_default_flow","Fri Dec 06 18:07:51 GMT 2024","broken","Fri Dec 06 18:08:22 GMT 2024","TestDefaultSignUpFlow","test_default_sign_up_png_download_welcome_modal","",""
"","46679","QR type - chromium","tests.tests_dpf_flow.dpf_link_dpf_flow","Fri Dec 06 18:07:25 GMT 2024","broken","Fri Dec 06 18:08:12 GMT 2024","TestDPFSignUpFlow","test_dpf_sign_up_png_download_from_welcome_modal","",""
"","65424","QR type - chromium","tests.tests_dpf_flow.dpf_link_cff_flow","Fri Dec 06 18:09:55 GMT 2024","broken","Fri Dec 06 18:11:00 GMT 2024","TestCFFSignUpFlow","test_cff_sign_up_jpeg_download_from_welcome_modal","",""
"","32618","QR type - chromium","tests.tests_nsf_flow","Fri Dec 06 18:12:50 GMT 2024","broken","Fri Dec 06 18:13:23 GMT 2024","TestNSFSignUpFlow","test_nsf_sign_up_png_download_welcome_modal","",""
"","30083","QR type - chromium","tests.tests_default_flow","Fri Dec 06 18:10:07 GMT 2024","broken","Fri Dec 06 18:10:37 GMT 2024","TestDefaultSignUpFlow","test_default_sign_up_svg_download_welcome_modal","",""
"","30096","QR type - chromium","tests.tests_default_flow","Fri Dec 06 18:08:45 GMT 2024","broken","Fri Dec 06 18:09:15 GMT 2024","TestDefaultSignUpFlow","test_default_sign_up_svg_download_welcome_modal","",""
"","34710","QR type - chromium","tests.tests_nsf_flow","Fri Dec 06 18:07:40 GMT 2024","broken","Fri Dec 06 18:08:15 GMT 2024","TestNSFSignUpFlow","test_nsf_sign_up_pdf_download_welcome_modal","",""
"","32725","QR type - chromium","tests.tests_nsf_flow","Fri Dec 06 18:12:56 GMT 2024","broken","Fri Dec 06 18:13:29 GMT 2024","TestNSFSignUpFlow","test_nsf_sign_up_svg_download_welcome_modal","",""
"","30070","QR type - chromium","tests.tests_default_flow","Fri Dec 06 18:07:12 GMT 2024","broken","Fri Dec 06 18:07:42 GMT 2024","TestDefaultSignUpFlow","test_default_sign_up_download_all_variables_default_modal","",""
"","35418","QR type - chromium","tests.tests_nsf_flow","Fri Dec 06 18:11:07 GMT 2024","broken","Fri Dec 06 18:11:42 GMT 2024","TestNSFSignUpFlow","test_nsf_sign_up_jpeg_download_welcome_modal","",""
"","0","QR type - chromium","tests.tests_dpf_flow.dpf_link_dpf_flow","Fri Dec 06 18:09:04 GMT 2024","broken","Fri Dec 06 18:09:04 GMT 2024","TestDPFSignUpFlow","test_dpf_sign_up_png_download_from_welcome_modal","",""
"","60427","Admin create payment link - chromium","tests.tests_generation_unic_admin_links","Fri Dec 06 18:12:10 GMT 2024","broken","Fri Dec 06 18:13:10 GMT 2024","TestAdminLinkGeneration","test_admin_link_generation","",""
"","51547","QR type - chromium","tests.tests_nsf_flow","Fri Dec 06 18:09:31 GMT 2024","broken","Fri Dec 06 18:10:23 GMT 2024","TestNSFSignUpFlow","test_nsf_sign_up_pdf_download_welcome_modal","",""
"","30082","QR type - chromium","tests.tests_default_flow","Fri Dec 06 18:07:06 GMT 2024","broken","Fri Dec 06 18:07:36 GMT 2024","TestDefaultSignUpFlow","test_default_sign_up_jpeg_download_welcome_modal","",""
"","44314","QR type - chromium","tests.tests_nsf_flow","Fri Dec 06 18:15:02 GMT 2024","broken","Fri Dec 06 18:15:46 GMT 2024","TestNSFSignUpFlow","test_nsf_sign_up_svg_download_welcome_modal","",""
"","84617","QR type - chromium","tests.tests_dpf_flow.dpf_link_dpf_flow","Fri Dec 06 18:10:16 GMT 2024","broken","Fri Dec 06 18:11:41 GMT 2024","TestDPFSignUpFlow","test_dpf_sign_up_eps_download_from_welcome_modal","",""
"","37073","QR type - chromium","tests.tests_nsf_flow","Fri Dec 06 18:10:26 GMT 2024","broken","Fri Dec 06 18:11:03 GMT 2024","TestNSFSignUpFlow","test_nsf_sign_up_pdf_download_welcome_modal","",""
"","30191","QR type - chromium","tests.tests_dpf_flow.dpf_link_dpf_flow","Fri Dec 06 18:07:26 GMT 2024","broken","Fri Dec 06 18:07:56 GMT 2024","TestDPFSignUpFlow","test_dpf_sign_up_pdf_download_from_welcome_modal","",""
"","30225","QR type - chromium","tests.tests_default_flow","Fri Dec 06 18:07:20 GMT 2024","broken","Fri Dec 06 18:07:50 GMT 2024","TestDefaultSignUpFlow","test_default_sign_up_svg_download_welcome_modal","",""
"","33950","QR type - chromium","tests.tests_dpf_flow.dpf_link_dpf_flow","Fri Dec 06 18:10:38 GMT 2024","broken","Fri Dec 06 18:11:12 GMT 2024","TestDPFSignUpFlow","test_dpf_sign_up_jpeg_download_from_welcome_modal","",""
"","39926","QR type - chromium","tests.tests_nsf_flow","Fri Dec 06 18:10:52 GMT 2024","broken","Fri Dec 06 18:11:32 GMT 2024","TestNSFSignUpFlow","test_nsf_sign_up_jpeg_download_welcome_modal","",""
"","0","Comparative mobile preview and web view - chromium","tests.tests_frame_comperatives","Fri Dec 06 18:07:06 GMT 2024","skipped","Fri Dec 06 18:07:06 GMT 2024","TestFrameComparatives","test_frame_comperatives","",""
"","54518","QR type - chromium","tests.tests_nsf_flow","Fri Dec 06 18:13:46 GMT 2024","broken","Fri Dec 06 18:14:41 GMT 2024","TestNSFSignUpFlow","test_nsf_sign_up_png_download_welcome_modal","",""
"","37813","QR type - chromium","tests.tests_dpf_flow.dpf_link_dpf_flow","Fri Dec 06 18:08:26 GMT 2024","broken","Fri Dec 06 18:09:04 GMT 2024","TestDPFSignUpFlow","test_dpf_sign_up_svg_download_from_welcome_modal","",""
"","45090","QR type - chromium","tests.tests_nsf_flow","Fri Dec 06 18:08:46 GMT 2024","broken","Fri Dec 06 18:09:31 GMT 2024","TestNSFSignUpFlow","test_nsf_sign_up_pdf_download_welcome_modal","",""
"","33935","QR type - chromium","tests.tests_dpf_flow.dpf_link_cff_flow","Fri Dec 06 18:10:36 GMT 2024","broken","Fri Dec 06 18:11:10 GMT 2024","TestCFFSignUpFlow","test_cff_sign_up_pdf_download_from_welcome_modal","",""
"","71419","QR type - chromium","tests.tests_dpf_flow.dpf_link_cff_flow","Fri Dec 06 18:10:27 GMT 2024","broken","Fri Dec 06 18:11:38 GMT 2024","TestCFFSignUpFlow","test_cff_sign_up_eps_download_from_welcome_modal","",""
"","48017","QR type - chromium","tests.tests_nsf_flow","Fri Dec 06 18:09:26 GMT 2024","broken","Fri Dec 06 18:10:14 GMT 2024","TestNSFSignUpFlow","test_nsf_sign_up_eps_download_welcome_modal","",""
"","34193","QR type - chromium","tests.tests_dpf_flow.dpf_link_cff_flow","Fri Dec 06 18:07:31 GMT 2024","broken","Fri Dec 06 18:08:05 GMT 2024","TestCFFSignUpFlow","test_cff_sign_up_eps_download_from_welcome_modal","",""
"","36522","QR type - chromium","tests.tests_dpf_flow.dpf_link_cff_flow","Fri Dec 06 18:10:52 GMT 2024","broken","Fri Dec 06 18:11:28 GMT 2024","TestCFFSignUpFlow","test_cff_sign_up_png_download_from_welcome_modal","",""
"","30163","QR type - chromium","tests.tests_default_flow","Fri Dec 06 18:09:00 GMT 2024","broken","Fri Dec 06 18:09:30 GMT 2024","TestDefaultSignUpFlow","test_default_sign_up_eps_download_welcome_modal","",""
"","30184","QR type - chromium","tests.tests_dpf_flow.dpf_link_dpf_flow","Fri Dec 06 18:09:28 GMT 2024","broken","Fri Dec 06 18:09:58 GMT 2024","TestDPFSignUpFlow","test_dpf_sign_up_svg_download_from_welcome_modal","",""
"","30090","QR type - chromium","tests.tests_default_flow","Fri Dec 06 18:10:30 GMT 2024","broken","Fri Dec 06 18:11:00 GMT 2024","TestDefaultSignUpFlow","test_default_sign_up_pdf_download_welcome_modal","",""
"","41217","QR type - chromium","tests.tests_dpf_flow.dpf_link_cff_flow","Fri Dec 06 18:10:21 GMT 2024","broken","Fri Dec 06 18:11:02 GMT 2024","TestCFFSignUpFlow","test_cff_sign_up_jpeg_download_from_welcome_modal","",""
"","63692","QR type - chromium","tests.tests_dpf_flow.dpf_link_cff_flow","Fri Dec 06 18:09:28 GMT 2024","broken","Fri Dec 06 18:10:31 GMT 2024","TestCFFSignUpFlow","test_cff_sign_up_svg_download_from_welcome_modal","",""
"","44576","QR type - chromium","tests.tests_default_flow","Fri Dec 06 18:07:03 GMT 2024","broken","Fri Dec 06 18:07:47 GMT 2024","TestDefaultSignUpFlow","test_default_sign_up_png_download_welcome_modal","",""
"","35407","QR type - chromium","tests.tests_dpf_flow.dpf_link_dpf_flow","Fri Dec 06 18:08:28 GMT 2024","broken","Fri Dec 06 18:09:03 GMT 2024","TestDPFSignUpFlow","test_dpf_sign_up_png_download_from_welcome_modal","",""
"","54456","QR type - chromium","tests.tests_dpf_flow.dpf_link_dpf_flow","Fri Dec 06 18:09:29 GMT 2024","broken","Fri Dec 06 18:10:24 GMT 2024","TestDPFSignUpFlow","test_dpf_sign_up_pdf_download_from_welcome_modal","",""
"","30081","QR type - chromium","tests.tests_default_flow","Fri Dec 06 18:10:33 GMT 2024","broken","Fri Dec 06 18:11:03 GMT 2024","TestDefaultSignUpFlow","test_default_sign_up_svg_download_welcome_modal","",""
"","43091","Admin partial refund options - chromium","tests.tests_generation_unic_admin_links","Fri Dec 06 18:12:18 GMT 2024","broken","Fri Dec 06 18:13:01 GMT 2024","TestAdminLinkGeneration","test_admin_link_generation","",""
"","51334","QR type - chromium","tests.tests_default_flow","Fri Dec 06 18:07:03 GMT 2024","broken","Fri Dec 06 18:07:54 GMT 2024","TestDefaultSignUpFlow","test_default_sign_up_png_download_welcome_modal","",""
"","32652","QR type - chromium","tests.tests_nsf_flow","Fri Dec 06 18:14:55 GMT 2024","broken","Fri Dec 06 18:15:28 GMT 2024","TestNSFSignUpFlow","test_nsf_sign_up_png_download_welcome_modal","",""
"","67320","QR type - chromium","tests.tests_dpf_flow.dpf_link_dpf_flow","Fri Dec 06 18:07:40 GMT 2024","broken","Fri Dec 06 18:08:47 GMT 2024","TestDPFSignUpFlow","test_dpf_sign_up_jpeg_download_from_welcome_modal","",""
"","38991","QR type - chromium","tests.tests_dpf_flow.dpf_link_dpf_flow","Fri Dec 06 18:08:41 GMT 2024","broken","Fri Dec 06 18:09:20 GMT 2024","TestDPFSignUpFlow","test_dpf_sign_up_svg_download_from_welcome_modal","",""
"","41907","QR type - chromium","tests.tests_nsf_flow","Fri Dec 06 18:08:31 GMT 2024","broken","Fri Dec 06 18:09:13 GMT 2024","TestNSFSignUpFlow","test_nsf_sign_up_pdf_download_welcome_modal","",""
"","37892","QR type - chromium","tests.tests_nsf_flow","Fri Dec 06 18:08:42 GMT 2024","broken","Fri Dec 06 18:09:20 GMT 2024","TestNSFSignUpFlow","test_nsf_sign_up_eps_download_welcome_modal","",""
"","30081","QR type - chromium","tests.tests_nsf_flow","Fri Dec 06 18:10:52 GMT 2024","broken","Fri Dec 06 18:11:22 GMT 2024","TestNSFSignUpFlow","test_nsf_sign_up_pdf_download_welcome_modal","",""
"","33919","QR type - chromium","tests.tests_dpf_flow.dpf_link_cff_flow","Fri Dec 06 18:11:44 GMT 2024","broken","Fri Dec 06 18:12:18 GMT 2024","TestCFFSignUpFlow","test_cff_sign_up_svg_download_from_welcome_modal","",""
"","34392","QR type - chromium","tests.tests_nsf_flow","Fri Dec 06 18:08:20 GMT 2024","broken","Fri Dec 06 18:08:54 GMT 2024","TestNSFSignUpFlow","test_nsf_sign_up_eps_download_welcome_modal","",""
"","30072","QR type - chromium","tests.tests_default_flow","Fri Dec 06 18:10:29 GMT 2024","broken","Fri Dec 06 18:10:59 GMT 2024","TestDefaultSignUpFlow","test_default_sign_up_jpeg_download_welcome_modal","",""
"","32725","QR type - chromium","tests.tests_nsf_flow","Fri Dec 06 18:14:46 GMT 2024","broken","Fri Dec 06 18:15:19 GMT 2024","TestNSFSignUpFlow","test_nsf_sign_up_png_download_welcome_modal","",""
"","39601","QR type - chromium","tests.tests_dpf_flow.dpf_link_cff_flow","Fri Dec 06 18:07:22 GMT 2024","broken","Fri Dec 06 18:08:01 GMT 2024","TestCFFSignUpFlow","test_cff_sign_up_png_download_from_welcome_modal","",""
"","33266","QR type - chromium","tests.tests_nsf_flow","Fri Dec 06 18:12:15 GMT 2024","broken","Fri Dec 06 18:12:48 GMT 2024","TestNSFSignUpFlow","test_nsf_sign_up_png_download_welcome_modal","",""
"","35875","QR type - chromium","tests.tests_dpf_flow.dpf_link_dpf_flow","Fri Dec 06 18:07:29 GMT 2024","broken","Fri Dec 06 18:08:05 GMT 2024","TestDPFSignUpFlow","test_dpf_sign_up_png_download_from_welcome_modal","",""
"","61345","QR type - chromium","tests.tests_dpf_flow.dpf_link_cff_flow","Fri Dec 06 18:08:14 GMT 2024","broken","Fri Dec 06 18:09:16 GMT 2024","TestCFFSignUpFlow","test_cff_sign_up_png_download_from_welcome_modal","",""
"","0","Comparative mobile preview and web view - chromium","tests.tests_frame_comperatives","Fri Dec 06 18:07:06 GMT 2024","skipped","Fri Dec 06 18:07:06 GMT 2024","TestFrameComparatives","test_frame_comperatives","",""
"","39454","QR type - chromium","tests.tests_dpf_flow.dpf_link_dpf_flow","Fri Dec 06 18:09:50 GMT 2024","broken","Fri Dec 06 18:10:30 GMT 2024","TestDPFSignUpFlow","test_dpf_sign_up_png_download_from_welcome_modal","",""
"","34586","QR type - chromium","tests.tests_dpf_flow.dpf_link_cff_flow","Fri Dec 06 18:07:30 GMT 2024","broken","Fri Dec 06 18:08:05 GMT 2024","TestCFFSignUpFlow","test_cff_sign_up_jpeg_download_from_welcome_modal","",""
"","64007","QR type - chromium","tests.tests_dpf_flow.dpf_link_cff_flow","Fri Dec 06 18:09:10 GMT 2024","broken","Fri Dec 06 18:10:14 GMT 2024","TestCFFSignUpFlow","test_cff_sign_up_png_download_from_welcome_modal","",""
"","35390","QR type - chromium","tests.tests_dpf_flow.dpf_link_cff_flow","Fri Dec 06 18:11:05 GMT 2024","broken","Fri Dec 06 18:11:40 GMT 2024","TestCFFSignUpFlow","test_cff_sign_up_svg_download_from_welcome_modal","",""
"","43867","QR type - chromium","tests.tests_nsf_flow","Fri Dec 06 18:13:10 GMT 2024","broken","Fri Dec 06 18:13:54 GMT 2024","TestNSFSignUpFlow","test_nsf_sign_up_png_download_welcome_modal","",""
"","33161","QR type - chromium","tests.tests_nsf_flow","Fri Dec 06 18:12:19 GMT 2024","broken","Fri Dec 06 18:12:52 GMT 2024","TestNSFSignUpFlow","test_nsf_sign_up_svg_download_welcome_modal","",""
"","61147","QR type - chromium","tests.tests_default_flow","Fri Dec 06 18:09:09 GMT 2024","broken","Fri Dec 06 18:10:10 GMT 2024","TestDefaultSignUpFlow","test_default_sign_up_jpeg_download_welcome_modal","",""
"","39321","QR type - chromium","tests.tests_dpf_flow.dpf_link_dpf_flow","Fri Dec 06 18:10:40 GMT 2024","broken","Fri Dec 06 18:11:19 GMT 2024","TestDPFSignUpFlow","test_dpf_sign_up_png_download_from_welcome_modal","",""
"","30263","QR type - chromium","tests.tests_default_flow","Fri Dec 06 18:08:07 GMT 2024","broken","Fri Dec 06 18:08:37 GMT 2024","TestDefaultSignUpFlow","test_default_sign_up_svg_download_welcome_modal","",""
"","0","Comparative mobile preview and web view - chromium","tests.tests_frame_comperatives","Fri Dec 06 18:07:06 GMT 2024","skipped","Fri Dec 06 18:07:06 GMT 2024","TestFrameComparatives","test_frame_comperatives","",""
"","30095","QR type - chromium","tests.tests_default_flow","Fri Dec 06 18:10:26 GMT 2024","broken","Fri Dec 06 18:10:56 GMT 2024","TestDefaultSignUpFlow","test_default_sign_up_download_all_variables_default_modal","",""
"","54452","QR type - chromium","tests.tests_dpf_flow.dpf_link_cff_flow","Fri Dec 06 18:11:41 GMT 2024","broken","Fri Dec 06 18:12:35 GMT 2024","TestCFFSignUpFlow","test_cff_sign_up_jpeg_download_from_welcome_modal","",""
"","67498","QR type - chromium","tests.tests_default_flow","Fri Dec 06 18:07:20 GMT 2024","broken","Fri Dec 06 18:08:27 GMT 2024","TestDefaultSignUpFlow","test_default_sign_up_svg_download_welcome_modal","",""
"","30071","QR type - chromium","tests.tests_dpf_flow.dpf_link_cff_flow","Fri Dec 06 18:10:18 GMT 2024","broken","Fri Dec 06 18:10:49 GMT 2024","TestCFFSignUpFlow","test_cff_sign_up_eps_download_from_welcome_modal","",""
"","49556","QR type - chromium","tests.tests_dpf_flow.dpf_link_cff_flow","Fri Dec 06 18:11:07 GMT 2024","broken","Fri Dec 06 18:11:56 GMT 2024","TestCFFSignUpFlow","test_cff_sign_up_eps_download_from_welcome_modal","",""
"","50667","QR type - chromium","tests.tests_dpf_flow.dpf_link_dpf_flow","Fri Dec 06 18:08:39 GMT 2024","broken","Fri Dec 06 18:09:29 GMT 2024","TestDPFSignUpFlow","test_dpf_sign_up_svg_download_from_welcome_modal","",""
"","30100","QR type - chromium","tests.tests_default_flow","Fri Dec 06 18:09:37 GMT 2024","broken","Fri Dec 06 18:10:07 GMT 2024","TestDefaultSignUpFlow","test_default_sign_up_jpeg_download_welcome_modal","",""
"","94613","QR type - chromium","tests.tests_nsf_flow","Fri Dec 06 18:10:04 GMT 2024","broken","Fri Dec 06 18:11:38 GMT 2024","TestNSFSignUpFlow","test_nsf_sign_up_pdf_download_welcome_modal","",""
"","33858","QR type - chromium","tests.tests_dpf_flow.dpf_link_dpf_flow","Fri Dec 06 18:11:52 GMT 2024","broken","Fri Dec 06 18:12:26 GMT 2024","TestDPFSignUpFlow","test_dpf_sign_up_jpeg_download_from_welcome_modal","",""
"","35852","QR type - chromium","tests.tests_dpf_flow.dpf_link_dpf_flow","Fri Dec 06 18:10:13 GMT 2024","broken","Fri Dec 06 18:10:49 GMT 2024","TestDPFSignUpFlow","test_dpf_sign_up_jpeg_download_from_welcome_modal","",""
"","30110","QR type - chromium","tests.tests_default_flow","Fri Dec 06 18:07:06 GMT 2024","broken","Fri Dec 06 18:07:36 GMT 2024","TestDefaultSignUpFlow","test_default_sign_up_jpeg_download_welcome_modal","",""
"","44879","QR type - chromium","tests.tests_nsf_flow","Fri Dec 06 18:14:38 GMT 2024","broken","Fri Dec 06 18:15:23 GMT 2024","TestNSFSignUpFlow","test_nsf_sign_up_png_download_welcome_modal","",""
"","30077","QR type - chromium","tests.tests_default_flow","Fri Dec 06 18:09:27 GMT 2024","broken","Fri Dec 06 18:09:57 GMT 2024","TestDefaultSignUpFlow","test_default_sign_up_svg_download_welcome_modal","",""
"","35265","QR type - chromium","tests.tests_dpf_flow.dpf_link_dpf_flow","Fri Dec 06 18:07:40 GMT 2024","broken","Fri Dec 06 18:08:15 GMT 2024","TestDPFSignUpFlow","test_dpf_sign_up_eps_download_from_welcome_modal","",""
"","34596","QR type - chromium","tests.tests_dpf_flow.dpf_link_cff_flow","Fri Dec 06 18:11:18 GMT 2024","broken","Fri Dec 06 18:11:52 GMT 2024","TestCFFSignUpFlow","test_cff_sign_up_jpeg_download_from_welcome_modal","",""
"","48685","QR type - chromium","tests.tests_dpf_flow.dpf_link_dpf_flow","Fri Dec 06 18:10:20 GMT 2024","broken","Fri Dec 06 18:11:08 GMT 2024","TestDPFSignUpFlow","test_dpf_sign_up_svg_download_from_welcome_modal","",""
"","30098","QR type - chromium","tests.tests_default_flow","Fri Dec 06 18:09:01 GMT 2024","broken","Fri Dec 06 18:09:31 GMT 2024","TestDefaultSignUpFlow","test_default_sign_up_jpeg_download_welcome_modal","",""
"","90766","QR type - chromium","tests.tests_dpf_flow.dpf_link_cff_flow","Fri Dec 06 18:09:30 GMT 2024","broken","Fri Dec 06 18:11:01 GMT 2024","TestCFFSignUpFlow","test_cff_sign_up_eps_download_from_welcome_modal","",""
"","48775","Admin create payment link - chromium","tests.tests_generation_unic_admin_links","Fri Dec 06 18:12:39 GMT 2024","broken","Fri Dec 06 18:13:28 GMT 2024","TestAdminLinkGeneration","test_admin_link_generation","",""
"","60706","QR type - chromium","tests.tests_dpf_flow.dpf_link_cff_flow","Fri Dec 06 18:09:22 GMT 2024","broken","Fri Dec 06 18:10:23 GMT 2024","TestCFFSignUpFlow","test_cff_sign_up_svg_download_from_welcome_modal","",""
"","0","QR type - chromium","tests.tests_nsf_flow","Fri Dec 06 18:07:10 GMT 2024","broken","Fri Dec 06 18:07:10 GMT 2024","TestNSFSignUpFlow","test_nsf_sign_up_pdf_download_welcome_modal","",""
"","28321","Admin create payment link - chromium","tests.tests_generation_unic_admin_links","Fri Dec 06 18:12:09 GMT 2024","failed","Fri Dec 06 18:12:38 GMT 2024","TestAdminLinkGeneration","test_admin_link_generation","",""
"","30183","QR type - chromium","tests.tests_default_flow","Fri Dec 06 18:09:41 GMT 2024","broken","Fri Dec 06 18:10:11 GMT 2024","TestDefaultSignUpFlow","test_default_sign_up_png_download_welcome_modal","",""
"","55080","QR type - chromium","tests.tests_dpf_flow.dpf_link_dpf_flow","Fri Dec 06 18:11:21 GMT 2024","broken","Fri Dec 06 18:12:16 GMT 2024","TestDPFSignUpFlow","test_dpf_sign_up_svg_download_from_welcome_modal","",""
"","0","Comparative mobile preview and web view - chromium","tests.tests_frame_comperatives","Fri Dec 06 18:07:06 GMT 2024","skipped","Fri Dec 06 18:07:06 GMT 2024","TestFrameComparatives","test_frame_comperatives","",""
"","35460","QR type - chromium","tests.tests_nsf_flow","Fri Dec 06 18:07:39 GMT 2024","broken","Fri Dec 06 18:08:15 GMT 2024","TestNSFSignUpFlow","test_nsf_sign_up_jpeg_download_welcome_modal","",""
"","49890","QR type - chromium","tests.tests_nsf_flow","Fri Dec 06 18:13:59 GMT 2024","broken","Fri Dec 06 18:14:49 GMT 2024","TestNSFSignUpFlow","test_nsf_sign_up_png_download_welcome_modal","",""
"","34040","QR type - chromium","tests.tests_dpf_flow.dpf_link_dpf_flow","Fri Dec 06 18:11:54 GMT 2024","broken","Fri Dec 06 18:12:28 GMT 2024","TestDPFSignUpFlow","test_dpf_sign_up_eps_download_from_welcome_modal","",""
"","35584","QR type - chromium","tests.tests_dpf_flow.dpf_link_dpf_flow","Fri Dec 06 18:10:54 GMT 2024","broken","Fri Dec 06 18:11:29 GMT 2024","TestDPFSignUpFlow","test_dpf_sign_up_svg_download_from_welcome_modal","",""
"","48799","QR type - chromium","tests.tests_dpf_flow.dpf_link_cff_flow","Fri Dec 06 18:08:44 GMT 2024","broken","Fri Dec 06 18:09:33 GMT 2024","TestCFFSignUpFlow","test_cff_sign_up_pdf_download_from_welcome_modal","",""
"","35020","QR type - chromium","tests.tests_dpf_flow.dpf_link_cff_flow","Fri Dec 06 18:11:12 GMT 2024","broken","Fri Dec 06 18:11:47 GMT 2024","TestCFFSignUpFlow","test_cff_sign_up_jpeg_download_from_welcome_modal","",""
"","55804","QR type - chromium","tests.tests_dpf_flow.dpf_link_cff_flow","Fri Dec 06 18:11:22 GMT 2024","broken","Fri Dec 06 18:12:17 GMT 2024","TestCFFSignUpFlow","test_cff_sign_up_png_download_from_welcome_modal","",""
"","30111","QR type - chromium","tests.tests_default_flow","Fri Dec 06 18:08:52 GMT 2024","broken","Fri Dec 06 18:09:23 GMT 2024","TestDefaultSignUpFlow","test_default_sign_up_jpeg_download_welcome_modal","",""
"","88919","QR type - chromium","tests.tests_dpf_flow.dpf_link_cff_flow","Fri Dec 06 18:07:22 GMT 2024","broken","Fri Dec 06 18:08:51 GMT 2024","TestCFFSignUpFlow","test_cff_sign_up_png_download_from_welcome_modal","",""
"","32581","QR type - chromium","tests.tests_nsf_flow","Fri Dec 06 18:14:03 GMT 2024","broken","Fri Dec 06 18:14:36 GMT 2024","TestNSFSignUpFlow","test_nsf_sign_up_png_download_welcome_modal","",""
"","36425","QR type - chromium","tests.tests_dpf_flow.dpf_link_dpf_flow","Fri Dec 06 18:07:29 GMT 2024","broken","Fri Dec 06 18:08:05 GMT 2024","TestDPFSignUpFlow","test_dpf_sign_up_pdf_download_from_welcome_modal","",""
"","34416","QR type - chromium","tests.tests_dpf_flow.dpf_link_dpf_flow","Fri Dec 06 18:11:08 GMT 2024","broken","Fri Dec 06 18:11:42 GMT 2024","TestDPFSignUpFlow","test_dpf_sign_up_svg_download_from_welcome_modal","",""
"","37958","QR type - chromium","tests.tests_dpf_flow.dpf_link_dpf_flow","Fri Dec 06 18:07:27 GMT 2024","broken","Fri Dec 06 18:08:05 GMT 2024","TestDPFSignUpFlow","test_dpf_sign_up_pdf_download_from_welcome_modal","",""
"","52668","QR type - chromium","tests.tests_dpf_flow.dpf_link_cff_flow","Fri Dec 06 18:11:22 GMT 2024","broken","Fri Dec 06 18:12:14 GMT 2024","TestCFFSignUpFlow","test_cff_sign_up_svg_download_from_welcome_modal","",""
